0.04918,0.41964,46,1
0.80438,1.2091,46,1
0.38911,0.41061,46,1
0.36966,0.62072,46,1
0.35476,0.63295,46,1
0.5475,1.1516,46,1
-0.21744,-1.08,46,1
-0.44401,0.1742,46,1
0.1223,0.58791,46,1
-0.86992,-1.3276,46,1
0.97731,0.85685,46,1
0.44281,0.72914,46,1
0.43107,0.6414,46,1
1.4683,1.6707,46,1
0.97908,0.73404,46,1
0.57653,0.45147,46,1
0.17207,0.48554,46,1
0.27029,0.71994,46,1
0.62242,0.75975,46,1
0.8043,1.0589,46,1
0.86434,1.223,46,1
0.33817,0.48511,46,1
0.45274,0.86024,46,1
1.0492,1.1768,46,1
0.99387,0.8898,46,1
0.46511,0.38448,46,1
0.049,0.23891,46,1
-0.37957,-0.21211,46,1
0.6992,0.95069,46,1
1.3503,1.052,46,1
0.23779,0.21072,46,1
0.65423,0.69981,46,1
0.040149,0.19372,46,1
0.82533,1.8354,46,1
0.8395,0.51474,46,1
0.14947,0.20402,46,1
0.37608,0.35914,46,1
0.65256,0.65184,46,1
0.35862,0.27482,46,1
0.75551,0.74885,46,1
0.56749,0.63749,46,1
1.0423,1.0207,46,1
0.69183,0.9006,46,1
0.71452,0.69317,46,1
0.37417,0.50154,46,1
0.12228,0.23541,46,1
0.59463,0.83954,46,1
0.59011,0.4196,46,1
0.78317,1.3996,46,1
0.46917,0.73675,46,1
0.12773,0.46234,46,1
0.22518,0.40143,46,1
0.60629,0.84605,46,1
0.49139,0.71068,46,1
0.40521,0.65052,46,1
0.33133,0.3732,46,1
0.12757,0.13077,46,1
0.17329,0.14956,46,1
0.11295,0.35705,46,1
-0.24303,0.19886,46,1
0.71786,0.78109,46,1
0.59433,0.78856,46,1
0.99014,1.1186,46,1
0.46178,0.49934,46,1
0.63068,0.81105,46,1
0.31338,0.53042,46,1
0.18945,0.32327,46,1
0.39385,0.61794,46,1
0.50256,0.75795,46,1
0.11008,0.26094,46,1
0.31091,0.25083,46,1
0.13475,0.084777,46,1
0.16042,0.1093,46,1
0.29145,0.52791,46,1
0.5713,0.68416,46,1
0.54338,0.70396,46,1
0.58097,0.86166,46,1
0.56469,0.79266,46,1
0.49517,0.73839,46,1
0.32784,0.55495,46,1
1.0103,1.3206,46,1
0.022435,0.41702,46,1
0.4201,0.64929,46,1
0.30292,0.67772,46,1
0.32411,0.49727,46,1
0.69319,0.57899,46,1
1.3898,1.6959,46,1
0.79934,1.1478,46,1
0.41942,0.66852,46,1
0.38079,0.27315,46,1
-0.04654,0.30412,46,1
-0.32106,-0.25439,46,1
0.63622,0.63168,46,1
0.56901,0.66369,46,1
0.60956,0.61247,46,1
0.53285,0.63417,46,1
0.86184,1.1057,46,1
0.58045,0.6853,46,1
0.24565,0.37896,46,1
0.50505,0.49897,46,1
0.22527,0.35986,46,1
0.29354,0.64678,46,1
0.9901,1.1295,46,1
0.26741,0.15303,46,1
0.17587,0.15029,46,1
0.31569,0.5904,46,1
1.4383,1.8666,46,1
0.72036,1.6471,46,1
0.207,0.62712,46,1
0.33636,0.58416,46,1
0.9375,1.3932,46,1
0.67544,1.1228,46,1
0.35183,0.59134,46,1
1.5347,2.1927,46,1
1.5946,1.9792,46,1
0.81551,0.90039,46,1
0.29198,0.62231,46,1
0.43645,1.1961,46,1
0.7766,1.0559,46,1
0.46896,0.56508,46,1
0.41315,0.5839,46,1
0.65712,0.99475,46,1
0.68582,0.79068,46,1
0.44505,0.62797,46,1
0.20366,0.23078,46,1
0.27813,0.57851,46,1
0.21897,0.10836,46,1
0.56955,0.99125,46,1
1.2536,0.93537,46,1
0.41067,0.28987,46,1
0.79396,0.83622,46,1
0.66052,0.90209,46,1
0.56806,0.65932,46,1
0.62829,0.8534,46,1
0.46905,0.70149,46,1
0.072233,0.38711,46,1
0.62074,0.59403,46,1
0.84296,0.7835,46,1
0.63098,0.94474,46,1
0.1067,0.42221,46,1
0.25776,0.18309,46,1
0.020991,0.022392,46,1
0.76635,0.92698,46,1
1.2572,1.3025,46,1
0.82511,0.89753,46,1
0.72824,0.81722,46,1
0.094339,0.18198,46,1
0.23541,0.52036,46,1
0.46927,0.55908,46,1
0.65416,0.60533,46,1
0.47305,0.67484,46,1
0.46034,0.69566,46,1
0.76048,0.78256,46,1
0.26863,0.1795,46,1
0.41674,0.88879,46,1
0.84432,0.82925,46,1
0.86051,1.1949,46,1
0.20881,0.6075,46,1
0.034562,0.083292,46,1
0.15234,0.24904,46,1
0.31872,0.4457,46,1
0.69528,0.80942,46,1
0.54487,-0.022058,46,1
1.2801,1.4164,46,1
1.285,1.3103,46,1
0.34727,0.50611,46,1
0.47884,0.90698,46,1
0.70638,0.95667,46,1
0.4199,0.7049,46,1
0.96435,0.93449,46,1
0.84391,1.1082,46,1
0.9526,1.1771,46,1
0.72959,0.813,46,1
1.4881,1.4849,46,1
0.2179,0.55099,46,1
0.59502,0.757,46,1
0.18661,0.32519,46,1
0.060446,0.46148,46,1
0.44628,0.68065,46,1
0.52949,1.4009,46,1
1.062,1.5862,46,1
1.4575,1.4739,46,1
0.20237,0.36551,46,1
0.43288,0.56172,46,1
0.40255,0.71645,46,1
-0.38848,-0.18682,46,1
0.14515,0.22036,46,1
0.58093,0.9735,46,1
0.42079,0.45062,46,1
0.15195,0.30363,46,1
0.67092,0.89293,46,1
0.81309,1.1894,46,1
0.39174,0.69823,46,1
0.28985,0.40635,46,1
1.0168,1.0187,46,1
0.45514,0.54219,46,1
0.75361,0.7815,46,1
0.47306,0.66361,46,1
0.21384,0.12436,46,1
0.50244,0.70436,46,1
0.53562,0.53365,46,1
0.14134,0.27522,46,1
0.78528,1.0255,46,1
0.2528,0.44817,46,1
0.31157,0.49422,46,1
0.59444,0.66012,46,1
1.7473,0.8724,46,2
0.45458,0.0063112,46,2
0.37035,0.073865,46,2
0.41304,0.28276,46,2
0.57218,0.41357,46,2
0.68939,0.14118,46,2
2.5881,1.4224,46,2
0.66434,0.40775,46,2
1.4662,0.83469,46,2
0.86352,0.42969,46,2
0.15283,-0.20499,46,2
1.591,0.72316,46,2
2.0543,1.393,46,2
2.3683,1.9388,46,2
1.1348,0.89363,46,2
1.9207,1.0418,46,2
2.0369,0.79472,46,2
0.89513,0.37211,46,2
0.8944,-0.01816,46,2
0.7946,0.55168,46,2
1.3358,1.0049,46,2
0.49095,0.10084,46,2
-0.20239,-0.49707,46,2
1.038,0.47432,46,2
-0.1915,-0.62983,46,2
0.81135,-0.09039,46,2
2.687,1.4907,46,2
1.8943,1.0852,46,2
0.15319,0.025242,46,2
0.63649,1.027,46,2
1.7195,0.7645,46,2
1.2211,0.47546,46,2
2.113,0.47446,46,2
0.96689,0.085091,46,2
1.1122,0.55422,46,2
1.0302,0.2776,46,2
1.598,0.62347,46,2
1.0397,-0.27922,46,2
1.174,0.61396,46,2
0.63159,0.52804,46,2
1.3425,0.58199,46,2
0.35851,-1.162,46,2
1.8539,1.4927,46,2
0.80332,0.25979,46,2
1.0307,0.689,46,2
0.47101,0.25142,46,2
1.9325,1.1255,46,2
1.894,1.1269,46,2
1.9189,0.91998,46,2
1.77,0.96168,46,2
1.7084,0.88179,46,2
1.4065,0.63834,46,2
1.2919,0.87315,46,2
2.1507,1.5073,46,2
3.159,2.1345,46,2
2.3395,1.157,46,2
2.6062,1.4394,46,2
2.6551,1.2178,46,2
0.99093,0.58266,46,2
0.27165,0.093018,46,2
0.81799,0.58505,46,2
0.41943,0.14556,46,2
0.92675,0.63795,46,2
1.2954,0.62988,46,2
0.84518,-0.0082761,46,2
0.90183,0.13652,46,2
0.93439,0.37705,46,2
1.269,0.7027,46,2
1.0477,0.30564,46,2
1.6498,1.015,46,2
1.0915,0.69566,46,2
1.7241,1.0381,46,2
0.45365,0.15469,46,2
0.82247,0.34708,46,2
0.61269,-0.14783,46,2
0.65656,0.3066,46,2
1.1779,0.52745,46,2
0.81973,0.49969,46,2
1.0119,0.50609,46,2
2.1501,0.9536,46,2
0.88462,0.29463,46,2
1.3659,1.0793,46,2
1.8305,0.87247,46,2
1.5578,0.898,46,2
1.3388,0.84991,46,2
0.66938,0.1238,46,2
1.5857,0.87524,46,2
1.4753,0.79859,46,2
1.2842,0.47989,46,2
0.79829,-0.072851,46,2
1.3352,0.76731,46,2
0.82719,0.35854,46,2
0.61634,0.10745,46,2
1.1759,-0.42109,46,2
1.3514,0.33075,46,2
0.591,-0.15238,46,2
0.47272,-0.45024,46,2
1.3722,0.38761,46,2
0.9604,0.26688,46,2
0.89968,0.46765,46,2
0.62086,0.050168,46,2
0.34495,-0.32117,46,2
0.97339,0.45734,46,2
2.2456,1.7468,46,2
1.0071,0.10748,46,2
0.57602,0.12147,46,2
0.6415,0.035244,46,2
1.0224,0.51156,46,2
0.80863,0.27557,46,2
1.6362,0.21919,46,2
1.4674,0.65447,46,2
1.2604,0.3222,46,2
1.1741,0.60134,46,2
1.5955,1.0915,46,2
1.2549,0.72201,46,3
3.0122,4.567,46,3
1.5438,1.3339,46,3
3.1406,2.4232,46,3
0.45405,0.16498,46,3
1.2657,1.5528,46,3
1.4573,1.3348,46,3
0.39964,-0.097607,46,3
0.57044,0.44922,46,3
0.98558,0.93539,46,3
0.16032,0.21585,46,3
0.4305,0.058355,46,3
0.73261,0.52853,46,3
1.2214,1.1496,46,3
1.407,1.3954,46,3
1.636,1.5365,46,3
0.78139,0.46161,46,3
0.51766,0.4004,46,3
0.17373,-0.085875,46,3
0.6065,0.2508,46,3
0.64772,0.28964,46,3
0.5286,0.20415,46,3
0.84923,0.46166,46,3
0.22564,0.033943,46,3
0.96159,0.97505,46,3
0.7308,0.4677,46,3
0.49182,0.28602,46,3
1.4656,1.185,46,3
1.3371,1.1703,46,3
2.9624,2.081,46,3
1.6502,2.093,46,3
2.1382,1.3247,46,3
2.165,1.5092,46,3
0.77493,0.49009,46,3
0.93358,0.42342,46,3
1.3546,0.06566,46,3
2.1446,1.4561,46,3
1.8415,1.2682,46,3
1.3565,1.0262,46,3
0.63521,0.21578,46,3
1.0801,0.67277,46,3
0.8022,0.61222,46,3
0.74427,0.2716,46,3
0.35875,0.19657,46,3
0.49927,0.12891,46,3
0.64484,0.34676,46,3
0.4652,0.45522,46,3
0.88174,0.52446,46,3
0.88809,0.49703,46,3
0.62447,0.67795,46,3
0.64292,0.32328,46,3
1.5793,0.98919,46,3
0.41719,0.051353,46,3
1.2164,0.69922,46,3
0.74704,0.51042,46,3
0.82244,0.19204,46,3
0.68098,0.13706,46,3
0.66916,0.10304,46,3
0.64332,0.11042,46,3
0.12232,0.023334,46,3
0.090205,-0.10828,46,3
0.77504,0.74753,46,3
0.79483,0.39972,46,3
0.83197,0.59971,46,3
0.41155,0.19864,46,3
0.68334,0.29184,46,3
0.59828,0.56188,46,3
0.78393,0.37574,46,3
1.2019,1.3835,46,3
1.1889,1.0226,46,3
0.31005,0.1847,46,3
0.81753,0.12547,46,3
1.1687,1.1227,46,3
0.3503,0.26417,46,3
0.61426,0.43574,46,3
0.25997,-0.0362,46,3
0.23872,-0.024608,46,3
0.3073,0.45016,46,3
0.44041,0.016576,46,3
0.27953,-0.52578,46,3
1.3805,1.1187,46,3
0.59676,0.22959,46,3
0.36194,0.12327,46,3
0.13061,-0.16953,46,3
0.27018,0.21506,46,3
0.61634,0.027856,46,3
0.80929,0.63905,46,3
0.43865,0.057174,46,3
0.15712,-0.21243,46,3
0.75365,0.5414,46,3
0.79685,0.52817,46,3
0.47073,0.28291,46,3
0.40035,0.22429,46,3
0.85554,0.19006,46,3
0.90919,0.5022,46,3
0.85796,0.34065,46,3
0.15493,0.15444,46,3
0.54237,0.26921,46,3
0.41928,0.32692,46,3
0.58171,0.10236,46,3
0.51544,0.13997,46,3
0.91174,0.59492,46,3
0.49192,0.553,46,3
0.65075,0.4006,46,3
1.0557,0.53405,46,3
0.9117,0.48997,46,3
0.89655,0.35799,46,3
0.33311,-0.049123,46,3
0.10265,0.14162,46,3
0.22144,-0.0080413,46,3
0.87513,0.64466,46,3
0.56156,0.11745,46,3
0.63095,0.35029,46,3
1.2747,1.1674,46,3
1.7139,1.3255,46,3
0.64987,0.1969,46,3
0.28269,0.13464,46,3
0.32914,-0.18244,46,3
0.65943,0.75147,46,3
0.65404,0.2837,46,3
0.88937,0.691,46,3
0.92763,0.55476,46,3
0.82347,0.53732,46,3
1.1087,0.76598,46,3
1.1588,1.3009,46,3
0.09949,0.10065,46,3
0.54386,0.092561,46,3
1.1102,0.6731,46,3
0.52915,0.29062,46,3
0.085946,-0.27629,46,3
0.6587,0.22474,46,3
0.41449,0.013857,46,3
1.8875,2.5023,46,3
0.81336,0.35829,46,3
0.49386,0.63657,46,3
0.32099,-0.10168,46,3
0.30525,0.1912,46,3
1.1055,0.76837,46,3
0.31731,0.072022,46,3
0.44027,0.012027,46,3
0.027274,0.13209,46,3
-0.019466,0.018125,46,4
0.62718,0.93918,46,4
0.21411,0.55866,46,4
-0.25974,-0.38112,46,4
0.063918,-0.24691,46,4
-0.015629,0.13719,46,4
0.29656,0.144,46,4
0.76967,0.078647,46,4
0.38066,0.20667,46,4
0.33583,-0.18329,46,4
0.67954,0.65362,46,4
0.43163,0.023668,46,4
0.071845,-0.15659,46,4
0.32179,0.20513,46,4
0.35517,0.21496,46,4
0.58373,0.31168,46,4
1.0709,1.1106,46,4
0.48506,0.28653,46,4
0.16328,-0.054681,46,4
0.20121,-0.11708,46,4
0.035687,-0.0038103,46,4
0.1571,-0.01197,46,4
1.033,0.49045,46,4
1.0782,0.76958,46,4
-0.07357,-0.39583,46,4
0.0032037,-0.12561,46,4
-0.34773,-0.37137,46,4
0.30231,-0.047152,46,4
0.29544,0.05812,46,4
0.23142,0.19708,46,4
0.19992,0.083632,46,4
0.5279,0.17712,46,4
0.19885,-0.027435,46,4
0.74143,0.80442,46,4
0.27111,0.17218,46,4
0.385,0.19954,46,4
0.54105,0.18408,46,4
0.13871,0.10494,46,4
0.017448,0.032382,46,4
-0.12292,-0.22799,46,4
0.4932,0.050435,46,4
-0.13027,-0.44315,46,4
1.2372,0.77499,46,4
0.10769,-0.072145,46,4
0.1183,-0.13873,46,4
-0.25562,-0.19014,46,4
0.24571,-0.040793,46,4
-0.2598,-0.39182,46,4
-0.24214,-0.080541,46,4
0.4069,-0.11986,46,4
1.4647,0.49634,46,4
0.10322,-0.10267,46,4
0.26529,0.12765,46,4
0.42887,0.309,46,4
0.21675,0.3229,46,4
0.40393,0.13928,46,4
0.088695,-0.25616,46,4
0.32667,0.26091,46,4
0.2471,0.35083,46,4
0.95811,0.75395,46,4
0.76032,0.38456,46,4
-0.029086,-0.37352,46,4
0.071778,-0.29594,46,4
0.0044799,-0.34242,46,4
0.34833,0.055777,46,4
0.49457,0.078988,46,4
0.17274,-0.32808,46,4
0.20206,0.10093,46,4
-0.22229,-0.17749,46,4
-0.067531,-0.067293,46,4
0.025137,-0.92639,46,4
0.71189,0.13014,46,4
0.34556,0.03031,46,4
0.9588,0.3692,46,4
0.055599,-0.38647,46,4
0.67068,0.34495,46,4
-0.089723,-0.29784,46,4
0.38557,0.28559,46,4
0.4472,0.37227,46,4
0.075079,0.17477,46,4
0.25132,0.0021254,46,4
0.30742,0.10439,46,4
0.21988,0.027745,46,4
0.41009,0.32184,46,4
0.49169,-0.024179,46,4
0.43548,-0.15919,46,4
0.10868,-0.18899,46,4
-0.11799,-0.33226,46,4
0.088138,-0.099122,46,4
0.57934,-0.13858,46,4
0.51284,0.082301,46,4
0.33303,0.25874,46,4
0.88123,0.4973,46,4
0.040392,-0.03219,46,4
0.22758,0.16215,46,4
1.6332,2.7992,46,5
1.5501,2.3855,46,5
2.3158,2.4953,46,5
1.8716,2.777,46,5
1.9656,2.5759,46,5
2.1469,2.376,46,5
1.4948,3.3587,46,5
2.2834,2.6029,46,5
1.4182,1.2572,46,5
1.4457,1.4429,46,5
1.3556,1.308,46,5
1.6804,2.1595,46,5
1.6513,1.3712,46,5
1.2694,1.3124,46,5
1.3641,1.3887,46,5
1.2962,1.3165,46,5
0.55865,0.36609,46,5
2.4167,1.6607,46,5
1.4495,1.5858,46,5
1.007,0.88846,46,5
1.0779,1.2088,46,5
0.6624,0.93758,46,5
0.26059,-0.14385,46,5
0.9383,0.89903,46,5
1.126,1.1409,46,5
0.77118,0.86917,46,5
1.0531,0.91624,46,5
0.76284,0.57302,46,5
2.1101,2.0981,46,5
1.2468,1.0246,46,5
0.56491,0.51417,46,5
0.90305,0.68255,46,5
0.9478,0.87622,46,5
0.96033,2.1006,46,5
1.696,3.0078,46,5
1.3435,1.652,46,5
1.4447,1.2524,46,5
1.116,1.4524,46,5
0.75788,0.72277,46,5
0.73122,0.96976,46,5
0.7432,0.78859,46,5
1.1644,0.98435,46,5
0.96166,0.91683,46,5
1.0663,1.0092,46,5
1.4971,0.95283,46,5
1.1106,1.4882,46,5
1.2044,2.291,46,5
0.66409,0.56558,46,5
0.9907,0.70291,46,5
2.0739,2.412,46,5
2.3254,2.1861,46,5
1.4103,1.3897,46,5
0.92447,0.71161,46,5
0.27767,0.64805,46,5
1.6871,1.7247,46,5
2.6685,1.9529,46,5
1.207,0.54558,46,5
1.201,1.4431,46,5
1.3103,1.4022,46,5
0.98005,1.1172,46,5
2.1412,2.2519,46,5
2.5418,2.4194,46,5
2.8817,3.9274,46,5
1.1532,1.0041,46,5
0.86914,1.3465,46,5
0.99957,2.12,46,5
1.1836,1.6843,46,5
0.85858,0.84053,46,5
1.6354,1.6813,46,5
1.3161,1.5057,46,5
0.68015,0.94918,46,5
1.2603,3.4891,46,5
1.304,1.5929,46,5
1.0028,0.76362,46,5
0.8966,0.61584,46,5
1.0281,0.98108,46,5
1.5262,1.4945,46,5
2.6325,3.696,46,5
1.7439,2.4684,46,5
2.1784,2.4964,46,5
1.2813,1.5885,46,5
1.1256,1.2299,46,5
1.5396,1.4104,46,5
2.4348,3.1068,46,5
1.7629,1.3931,46,5
1.7074,1.5327,46,5
2.1925,2.4451,46,5
1.7925,1.808,46,5
1.6082,1.3037,46,5
1.2379,0.96967,46,5
0.83419,0.73325,46,5
0.9174,0.92502,46,5
1.4487,1.3265,46,5
2.2229,2.5861,46,5
2.3265,2.0597,46,6
0.81363,0.8155,46,6
1.6303,1.3817,46,6
0.87164,0.82329,46,6
-0.31221,-0.81552,46,6
0.57939,0.45377,46,6
0.27216,-0.58539,46,6
2.4374,2.1518,46,6
0.58889,0.91831,46,6
1.1739,1.059,46,6
1.5346,1.3713,46,6
1.0746,1.3275,46,6
0.62766,0.86169,46,6
0.66241,0.50137,46,6
-0.067224,-0.18551,46,6
0.27934,0.70129,46,6
0.79883,0.68423,46,6
0.70325,1.0096,46,6
0.82141,0.95768,46,6
0.81227,0.93424,46,6
0.41786,0.63677,46,6
1.2173,1.5471,46,6
0.49581,0.7584,46,6
0.22927,0.69315,46,6
0.96203,1.2018,46,6
0.72547,0.93495,46,6
1.1821,1.6193,46,6
1.1438,1.3696,46,6
2.2141,2.6645,46,6
1.7948,2.3765,46,6
1.08,1.7502,46,6
1.3441,1.3025,46,6
0.50755,0.88222,46,6
0.31255,0.82199,46,6
0.64825,1.5609,46,6
0.99224,1.8744,46,6
0.71495,0.36215,46,6
0.17249,0.85776,46,6
0.77141,1.1893,46,6
1.0231,2.4693,46,6
0.82607,1.3058,46,6
0.77969,1.1846,46,6
0.63406,0.97132,46,6
1.2481,1.8735,46,6
0.90445,1.1517,46,6
-0.23668,0.24067,46,6
0.12918,0.59479,46,6
0.42305,0.72409,46,6
0.65798,0.63096,46,6
0.043033,0.44575,46,6
0.57227,0.37177,46,6
0.10502,0.36845,46,6
0.20351,0.42,46,6
0.2834,0.76862,46,6
0.3875,0.74896,46,6
0.55562,0.92775,46,6
0.73147,0.86902,46,6
0.30537,0.61071,46,6
0.40311,0.41582,46,6
0.23601,0.54504,46,6
0.38799,0.090207,46,6
0.33664,0.40422,46,6
0.25589,0.15658,46,6
-0.017988,0.46195,46,6
-0.0077277,0.40504,46,6
0.70327,2.0523,46,6
0.80545,1.1917,46,6
0.12335,0.63665,46,6
0.67061,1.01,46,6
0.51635,0.92516,46,6
0.38489,0.77004,46,6
0.53618,0.84835,46,6
0.54755,0.63746,46,6
0.83821,1.1291,46,6
0.43514,0.86114,46,6
0.32756,0.5524,46,6
0.41544,0.66092,46,6
0.48153,0.78766,46,6
0.40418,0.71067,46,6
1.484,1.1879,46,6
0.31647,0.50253,46,6
1.0961,1.2677,46,6
0.67949,0.6546,46,6
0.69116,0.63826,46,6
1.426,1.6842,46,6
0.5288,0.4515,46,6
0.6791,0.62802,46,6
0.25185,0.51748,46,6
1.1653,1.2352,46,6
0.36522,0.30013,46,6
0.5838,0.89035,46,6
0.37315,0.2146,46,6
0.061501,0.46994,46,6
0.39576,0.14311,46,6
0.8991,1.1192,46,6
0.69612,0.90948,46,6
0.48593,0.81797,46,6
0.9633,1.091,46,6
0.72899,1.0284,46,7
1.6198,1.8861,46,7
2.3384,2.301,46,7
1.7024,1.6426,46,7
1.3289,1.0766,46,7
2.4519,1.7958,46,7
1.9156,1.4923,46,7
0.2519,0.73883,46,7
2.0049,2.6646,46,7
0.43991,0.47106,46,7
0.8892,0.51639,46,7
1.3168,1.7072,46,7
0.37885,0.27454,46,7
0.8298,0.66151,46,7
0.72417,0.77615,46,7
0.59117,0.43447,46,7
0.94162,0.79934,46,7
1.7005,1.581,46,7
1.1739,1.2878,46,7
1.1228,1.1608,46,7
1.6145,1.8688,46,7
0.6638,0.85539,46,7
0.65595,0.92732,46,7
0.22783,0.10887,46,7
0.4999,0.41573,46,7
1.274,1.2111,46,7
1.2504,1.3349,46,7
1.939,2.1465,46,7
1.4458,1.1958,46,7
2.5905,2.6674,46,7
1.5705,1.9585,46,7
1.7275,1.7491,46,7
1.4095,2.2956,46,7
1.4368,1.2879,46,7
0.60051,0.36436,46,7
1.9546,1.983,46,7
1.0773,0.85596,46,7
0.35756,0.66148,46,7
1.147,1.1699,46,7
0.030979,-0.25569,46,7
1.3963,1.5237,46,7
0.3586,0.023064,46,7
0.33863,0.14277,46,7
-0.01757,-0.033944,46,7
0.1742,0.015686,46,7
0.8393,0.49862,46,7
-0.039685,-0.1256,46,7
0.046502,0.20987,46,7
0.34516,0.33797,46,7
0.32474,0.54277,46,7
0.34543,0.23746,46,7
0.46258,0.3748,46,7
0.46249,0.4177,46,7
0.48822,0.46441,46,7
0.19239,0.10102,46,7
-0.20707,-0.20474,46,7
0.2031,0.046317,46,7
0.37141,0.095143,46,7
0.050294,-0.20129,46,7
0.4,0.060134,46,7
1.6443,1.6865,46,7
1.1151,1.1177,46,7
1.0231,0.9653,46,7
0.11187,0.27701,46,7
0.81551,0.42247,46,7
1.4089,1.8102,46,7
2.521,1.8797,46,7
0.91987,1.3672,46,7
0.48937,0.44882,46,7
1.2446,0.90763,46,7
1.2445,2.06,46,7
0.23431,-0.026559,46,7
0.56383,0.50996,46,7
0.16545,-0.28229,46,7
0.17736,0.15855,46,7
0.44802,0.20087,46,7
0.2738,0.48866,46,7
0.92562,0.89159,46,7
0.13828,-0.064926,46,7
0.82925,1.0929,46,7
0.21181,0.13602,46,7
-0.20671,-0.39116,46,7
1.6771,1.5113,46,7
0.60846,0.86913,46,7
0.51833,0.28174,46,7
0.92044,0.76273,46,7
0.27025,0.045909,46,7
0.3659,0.18561,46,7
0.83746,0.75231,46,7
0.86929,0.96532,46,7
1.3959,1.2907,46,7
1.3559,2.2078,46,7
1.7198,1.6743,46,7
1.8538,1.9552,46,7
1.478,1.5252,46,7
0.57837,0.58313,46,7
1.1783,1.1116,46,7
1.8269,1.3151,46,7
0.8705,0.58223,46,7
1.137,1.0433,46,7
2.2412,1.9417,46,7
0.36871,0.15261,46,7
2.2352,2.4319,46,7
2.4105,2.3863,46,7
-0.20636,-0.32777,46,7
2.0947,2.1144,46,7
1.3465,1.5174,46,7
1.1986,0.91192,46,7
1.3415,0.99417,46,7
1.3917,1.2541,46,7
0.33638,0.29795,46,7
0.70828,0.59139,46,7
0.18984,0.024763,46,7
0.24077,0.11571,46,7
0.35342,0.28009,46,7
0.65127,0.87737,46,7
0.83353,1.3376,46,7
2.1558,2.091,46,7
1.5362,1.5045,46,7
1.4746,1.9473,46,7
1.4419,1.6085,46,7
1.7979,3.1419,46,7
0.84741,0.35673,46,7
0.68447,1.2795,46,7
0.3024,-0.04866,46,7
1.9208,1.8412,46,7
1.4581,1.485,46,7
1.6577,1.794,46,7
1.1528,1.0566,46,7
2.0476,1.8418,46,7
0.88907,1.0359,46,7
0.81084,0.45015,46,7
0.41587,0.27962,46,7
0.39264,0.39634,46,8
1.2235,1.893,46,8
-0.28905,-0.218,46,8
2.8208,3.716,46,8
0.62403,0.59363,46,8
2.1942,2.5577,46,8
0.14669,0.26634,46,8
1.7708,3.8051,46,8
2.6161,4.2341,46,8
1.2534,1.8115,46,8
2.0764,2.288,46,8
2.5103,2.8672,46,8
3.1525,3.5392,46,8
2.2563,3.5201,46,8
2.0864,2.8553,46,8
1.9968,3.0816,46,8
0.05272,0.69528,46,8
1.506,2.0132,46,8
1.9034,3.2355,46,8
1.5021,2.4377,46,8
2.0507,3.0985,46,8
1.0195,1.8618,46,8
1.067,1.6362,46,8
0.50318,0.66793,46,8
0.72668,0.99839,46,8
1.1716,2.3482,46,8
1.2295,2.0616,46,8
1.8182,4.0979,46,8
2.5435,3.4819,46,8
0.87852,1.0406,46,8
1.8767,2.31,46,8
1.2738,2.2026,46,8
1.6498,2.2187,46,8
0.9233,1.497,46,8
1.8035,3.3036,46,8
2.1762,2.9087,46,8
1.8462,2.4421,46,8
2.4098,3.7587,46,8
0.59273,1.399,46,8
1.5399,1.8354,46,8
0.82115,2.0166,46,8
1.4685,2.4893,46,8
1.9413,2.81,46,8
1.1462,2.2338,46,8
1.2461,1.0915,46,8
1.3326,2.0434,46,8
0.87105,1.2187,46,8
0.74936,0.89706,46,8
0.74528,1.2362,46,8
0.58793,1.2707,46,8
1.2373,2.0832,46,8
0.65087,0.76409,46,8
1.4021,1.6533,46,8
0.76918,1.1046,46,8
0.56815,1.0011,46,8
0.25054,0.44731,46,8
0.4523,0.68263,46,8
0.35952,0.72476,46,8
0.22218,0.57837,46,8
0.51065,0.70834,46,8
1.554,1.8024,46,8
0.3549,0.71241,46,8
0.41071,0.81817,46,8
0.30552,0.47929,46,8
0.31592,0.57902,46,8
0.19196,0.33284,46,8
0.62129,0.76603,46,8
0.37213,0.66498,46,8
0.42986,0.5601,46,8
0.8959,1.9159,46,8
1.4334,2.1241,46,8
2.2158,3.0988,46,8
1.2002,1.4903,46,8
0.30273,0.65051,46,8
0.86097,1.9151,46,8
2.2404,2.7227,46,8
0.41582,0.73328,46,8
0.42383,0.88387,46,8
0.54231,1.2287,46,8
0.28552,0.15007,46,8
1.8929,2.5486,46,8
1.2632,2.7543,46,8
1.371,2.3373,46,8
0.73415,1.1708,46,8
0.63299,1.0828,46,8
0.31584,0.58498,46,8
0.073164,0.18549,46,8
0.32657,0.54165,46,8
0.4422,0.59434,46,8
0.99302,1.7901,46,8
1.7556,2.7268,46,8
0.87091,0.50123,46,8
0.75571,0.66855,46,8
0.49888,0.61761,46,8
0.63017,0.65856,46,8
1.3837,1.9619,46,8
0.70549,0.7632,46,8
0.75325,1.3261,46,8
1.3386,2.2764,46,8
1.0774,1.8407,46,8
0.71694,0.57047,46,8
0.098064,0.24446,46,8
0.91691,1.3588,46,8
0.12538,0.072121,46,8
0.11734,0.24777,46,8
1.1728,1.8272,46,8
0.70224,1.1816,46,8
1.5057,2.5168,46,8
0.77708,0.88592,46,8
0.53375,0.88152,46,8
0.32588,0.66456,46,8
0.10548,0.3232,46,9
0.25184,0.22091,46,9
-0.025918,0.01643,46,9
0.08739,0.036989,46,9
-0.014199,-0.079601,46,9
0.03827,0.012062,46,9
-0.83034,-0.73421,46,9
-0.19471,0.017059,46,9
-0.14699,0.37474,46,9
-0.075774,0.079028,46,9
-0.47168,0.08724,46,9
0.25027,0.08619,46,9
-0.050145,0.14818,46,9
0.013567,0.041968,46,9
0.0017594,0.032884,46,9
-0.12521,0.061864,46,9
-0.12694,-0.19329,46,9
-0.10537,-0.12497,46,9
-0.13265,-0.08421,46,9
0.23032,0.19984,46,9
0.13244,0.10482,46,9
-0.12691,0.11855,46,9
0.0054644,0.1126,46,9
-0.12007,0.013092,46,9
-0.10478,0.065165,46,9
-0.13165,-0.0025831,46,9
0.16007,0.36458,46,9
0.51563,0.37765,46,9
0.41801,0.4143,46,9
-0.083436,-0.1085,46,9
0.70718,0.26435,46,9
-0.3563,0.014095,46,9
-0.037563,0.3421,46,9
-0.11811,0.063708,46,9
-0.077737,0.096747,46,9
0.012905,0.1671,46,9
-0.14002,0.15433,46,9
0.022193,0.066859,46,9
0.52483,0.33197,46,9
-0.0011152,0.33229,46,9
-0.19426,0.099553,46,9
0.28748,0.18321,46,9
-0.15454,-0.00074505,46,9
-0.056756,0.27508,46,9
0.18159,0.53071,46,9
0.44639,0.55938,46,9
0.64457,0.56913,46,9
0.13505,0.15308,46,9
-0.34419,0.028903,46,9
0.46466,0.28631,46,9
-0.13008,-0.087429,46,9
0.14705,-0.053888,46,9
0.27646,0.23045,46,9
-0.082336,0.2519,46,9
-0.32915,0.037927,46,9
0.2763,0.20788,46,9
-0.02673,-0.2075,46,9
0.33124,0.11517,46,9
-0.067581,0.18136,46,9
0.10216,0.087692,46,9
0.52126,0.52779,46,9
0.44741,0.14326,46,9
0.085201,0.25969,46,9
0.080838,0.22175,46,9
0.63564,0.37165,46,9
-0.099691,-0.11175,46,9
0.15768,0.14967,46,9
0.18236,0.41425,46,9
-0.029854,0.18761,46,9
-0.31057,-0.0092352,46,9
-0.096542,0.023305,46,9
-0.015227,0.014864,46,9
-0.34042,-0.14763,46,9
-0.46732,-0.45181,46,9
-0.13831,0.17617,46,9
0.097505,0.23125,46,9
0.23537,0.28513,46,9
-0.017964,0.23454,46,9
-0.24713,-0.065241,46,9
0.18686,0.14457,46,9
-0.20092,0.10327,46,9
0.19584,0.049052,46,9
0.42645,0.21804,46,9
0.089717,0.12609,46,9
-0.33478,-0.040758,46,10
0.10331,0.38068,46,10
0.25891,0.63883,46,10
-0.13605,0.28935,46,10
0.20917,1.1087,46,10
-0.010202,-0.043138,46,10
-0.20227,0.24542,46,10
-0.53047,0.47662,46,10
0.43246,1.0491,46,10
0.10766,0.33551,46,10
0.097967,0.17449,46,10
-0.33755,0.10859,46,10
-0.012619,1.1506,46,10
-0.096315,-0.16076,46,10
-0.36229,0.20457,46,10
-0.34284,-0.17003,46,10
-0.29808,-0.076073,46,10
0.33914,0.55372,46,10
0.011999,0.33935,46,10
-0.20669,0.46631,46,10
0.22778,1.9026,46,10
0.90115,2.2972,46,10
-1.0142,0.75975,46,10
-0.18046,2.503,46,10
0.3058,2.0054,46,10
-0.14805,1.3905,46,10
-0.23517,1.4916,46,10
0.29802,2.5323,46,10
-0.023636,0.82635,46,10
0.12959,1.5677,46,10
0.011981,1.6517,46,10
0.13935,1.5979,46,10
0.20268,1.0727,46,10
0.24421,0.36323,46,10
-0.064085,1.5117,46,10
0.067541,0.38223,46,10
0.73763,2.0006,46,10
-0.019173,2.1884,46,10
-0.45099,1.6083,46,10
-0.22617,1.3332,46,10
0.65293,2.4104,46,10
0.34676,1.217,46,10
0.57133,2.1036,46,10
0.15108,0.98992,46,10
-0.2571,1.77,46,10
0.051825,0.61172,46,10
-0.11282,0.77943,46,10
0.30152,1.8726,46,10
0.073462,1.2871,46,10
-0.082295,0.64276,46,10
0.21489,1.1507,46,10
0.0042185,0.47087,46,10
0.023768,0.33395,46,10
0.1526,0.73153,46,10
0.24855,0.55194,46,10
-0.18913,-0.09779,46,10
0.082977,0.29031,46,10
-0.2894,0.37445,46,10
0.32693,0.32328,46,10
-0.098893,0.11013,46,10
0.23051,0.44113,46,10
0.4092,0.43006,46,10
0.20362,0.1028,46,10
0.15517,0.38736,46,10
0.053557,0.38959,46,10
-0.24844,0.019492,46,10
0.099079,-0.028238,46,10
0.027091,0.62385,46,10
0.20608,0.55834,46,10
0.065987,0.67486,46,10
0.10659,0.18071,46,10
0.43949,0.52341,46,10
0.1003,-0.0047675,46,10
0.065277,-0.045774,46,10
0.016604,0.25155,46,10
-0.051934,0.12774,46,10
0.040098,0.039527,46,10
-0.24431,-0.042004,46,10
-0.33625,-0.29518,46,10
-0.10262,0.59002,46,10
-0.063274,0.6191,46,10
-0.080186,0.54449,46,10
-0.33531,-0.39361,46,10
-0.15299,0.21076,46,10
-0.10918,-0.048697,46,10
-0.22342,0.19147,46,10
0.33295,1.2977,46,10
-0.057438,0.079418,46,10
0.48346,1.496,46,10
0.58155,2.4919,46,10
-0.18642,0.54157,46,10
0.20809,0.12955,46,10
0.71677,0.30452,46,11
0.65705,0.90453,46,11
1.1342,1.2097,46,11
-0.055717,0.45936,46,11
0.2071,0.77703,46,11
0.35472,0.34006,46,11
-1.1035,-1.5122,46,11
-0.99025,-1.1203,46,11
-0.49151,-0.52632,46,11
1.5502,1.0225,46,11
0.023955,0.19376,46,11
-0.032124,0.36866,46,11
-0.60905,-0.39923,46,11
-0.48045,-0.060496,46,11
0.905,1.1491,46,11
0.96069,1.0757,46,11
-0.38953,-1.2,46,11
-0.019984,0.0048219,46,11
0.15415,0.21754,46,11
-0.075972,0.2885,46,11
-0.047005,0.18054,46,11
-0.38412,0.042659,46,11
-0.5145,-0.41597,46,11
0.37668,0.53109,46,11
-0.51059,-0.25324,46,11
-0.50978,-0.3562,46,11
-0.25868,0.17867,46,11
0.42741,0.43065,46,11
-0.43831,-0.51739,46,11
-0.50093,-0.81779,46,11
-0.2761,-0.16285,46,11
0.14624,0.04495,46,11
-0.481,-0.4397,46,11
-0.68963,-0.57068,46,11
-0.95408,-0.43308,46,11
-0.62886,-0.35759,46,11
0.28211,0.9252,46,11
0.9144,0.4137,46,11
-0.39858,0.09164,46,11
-0.28063,0.44222,46,11
-1.0113,-0.81438,46,11
0.37305,0.4555,46,11
0.69632,0.21402,46,11
0.36143,0.53406,46,11
0.37211,-0.53404,46,11
0.43364,-0.0021364,46,11
0.050953,-0.26676,46,11
-0.33741,-0.3242,46,11
-0.23823,-0.17553,46,11
-0.45295,-0.44837,46,11
-0.061238,0.22976,46,11
0.048273,-0.2454,46,11
-0.21563,-0.17886,46,11
-0.41371,-0.85508,46,11
-0.59034,-0.53718,46,11
-0.15061,-0.36735,46,11
-0.44624,-0.29575,46,11
-0.67998,-0.33631,46,11
-0.22049,0.0014426,46,11
-0.95088,-0.8023,46,11
-0.78279,-0.35165,46,11
0.038657,0.68836,46,11
-0.21528,0.0091787,46,11
0.36111,0.92113,46,11
-0.46095,-0.2787,46,11
-0.30072,-0.21469,46,11
-0.7723,-0.8818,46,11
-0.4484,-0.49036,46,11
-0.91148,-0.68112,46,11
-0.18151,-0.062579,46,11
-0.46989,-0.34275,46,11
-0.39758,-0.17659,46,11
-0.69059,-0.63993,46,11
-0.44459,-0.38738,46,11
-0.18292,-0.54401,46,11
-0.0086268,0.017321,46,11
-0.31768,0.089998,46,11
-0.33177,-0.43666,46,11
-0.30016,-0.089347,46,11
-0.43877,-0.13554,46,11
-0.78231,-0.57941,46,11
-0.67493,-0.91958,46,11
-0.18883,0.055389,46,11
-0.30051,-0.037119,46,11
-0.78549,-0.71494,46,11
0.60405,0.36624,46,11
-0.12136,0.42708,46,11
-0.14708,-0.38047,46,11
0.76055,1.1129,46,11
-0.46936,-0.46809,46,11
-0.46735,-0.4338,46,11
-0.32704,-0.2556,46,11
-0.22797,-0.071702,46,11
-0.33435,-0.17846,46,11
-0.36637,-0.45659,46,11
0.20108,-0.18001,46,11
0.24268,0.087298,46,11
-0.74566,-0.39294,46,11
-0.68524,-0.67408,46,11
0.17823,0.28909,46,12
-0.12332,-0.1493,46,12
1.0449,0.67068,46,12
2.2558,1.7162,46,12
2.1539,2.152,46,12
0.19875,0.2183,46,12
0.67344,0.74991,46,12
0.89496,1.534,46,12
0.96958,1.1158,46,12
0.69075,0.88789,46,12
1.2292,1.2204,46,12
0.24641,0.086186,46,12
0.24218,-0.069456,46,12
0.28186,0.10377,46,12
0.39564,0.22143,46,12
0.58937,0.97263,46,12
0.85769,0.85541,46,12
0.52587,0.64531,46,12
0.81006,0.99834,46,12
0.94995,1.3972,46,12
-0.034616,-0.44147,46,12
0.54609,1.1142,46,12
0.87213,1.0489,46,12
0.87311,1.1908,46,12
0.68836,0.94768,46,12
0.96145,1.5443,46,12
1.0031,0.93293,46,12
0.75552,1.6763,46,12
1.0367,0.94666,46,12
0.3605,0.43416,46,12
0.7022,1.1541,46,12
1.0417,1.2589,46,12
1.0355,1.2061,46,12
1.134,0.89642,46,12
0.87389,1.1867,46,12
0.56127,1.0128,46,12
0.7522,1.4767,46,12
0.57095,0.41234,46,12
0.27513,0.33758,46,12
0.10623,0.41113,46,12
1.2069,1.1085,46,12
1.5216,1.8629,46,12
1.056,1.9261,46,12
0.53667,0.48895,46,12
0.25181,0.61478,46,12
0.20811,0.46768,46,12
0.29335,0.40886,46,12
-0.021546,0.21544,46,12
0.38571,1.096,46,12
0.94281,1.4738,46,12
0.94552,1.3318,46,12
1.6189,2.0079,46,12
0.84137,1.0681,46,12
1.0859,1.614,46,12
1.1452,1.5988,46,12
0.40074,0.48085,46,12
0.60515,0.71129,46,12
1.4984,1.8231,46,12
0.68439,1.059,46,12
0.49465,0.73812,46,12
0.7725,1.1476,46,12
2.1573,1.6281,46,12
1.0517,1.112,46,12
0.74963,1.0453,46,12
0.49817,1.3167,46,12
0.34491,0.22941,46,12
0.12225,0.26839,46,12
0.51097,0.407,46,12
0.74257,0.94366,46,12
1.1676,1.8073,46,12
1.0665,1.1999,46,12
0.78422,0.68251,46,12
1.0481,1.026,46,12
1.3696,1.2236,46,12
1.2887,1.8677,46,12
1.2305,1.218,46,12
0.5742,0.83916,46,12
0.33796,0.4763,46,12
1.2967,2.0806,46,12
0.41674,0.3887,46,12
0.7173,0.83754,46,12
1.0427,1.3195,46,12
2.0598,2.365,46,12
1.6576,2.0683,46,12
0.55139,1.8008,46,12
0.42179,-0.094209,46,13
1.4989,2.0139,46,13
-0.0043335,-0.066458,46,13
-0.077952,-0.013258,46,13
0.67556,0.51867,46,13
1.0468,0.84966,46,13
1.5213,1.6,46,13
0.36315,0.96972,46,13
0.2569,0.3461,46,13
0.3254,0.57563,46,13
0.79964,0.53819,46,13
0.45896,0.81821,46,13
1.0715,1.0895,46,13
0.68556,1.0014,46,13
0.88938,1.0182,46,13
0.46444,0.59873,46,13
0.25993,0.26335,46,13
0.63887,0.68153,46,13
0.80718,0.70479,46,13
0.61918,0.63362,46,13
0.23038,0.37368,46,13
0.29222,0.74102,46,13
0.4166,0.52075,46,13
0.64375,0.41397,46,13
-0.10431,-0.27756,46,13
0.49169,0.34786,46,13
-0.13234,-0.20985,46,13
-0.12772,-0.13463,46,13
0.96799,0.38581,46,13
-0.056207,-0.0051863,46,13
0.12794,0.12703,46,13
0.28292,0.21633,46,13
-0.047891,-0.069861,46,13
1.1587,1.6363,46,13
1.2533,1.8849,46,13
0.36376,0.4102,46,13
0.73555,0.80176,46,13
0.37746,0.71155,46,13
-0.081187,-0.14244,46,13
0.47703,1.0281,46,13
0.25728,0.15132,46,13
1.1395,1.7299,46,13
-0.080144,0.081289,46,13
0.0051806,0.03283,46,13
0.78229,1.0149,46,13
1.2095,1.3164,46,13
-0.14744,-0.051055,46,13
0.89889,0.92516,46,13
0.44504,0.63778,46,13
0.66058,1.1529,46,13
0.71089,0.92883,46,13
0.18586,0.40509,46,13
0.90587,1.1795,46,13
0.54627,0.56248,46,13
0.12155,0.021538,46,13
-0.017282,-0.055306,46,13
-0.032482,0.010949,46,13
0.28186,0.13371,46,13
0.30119,0.51247,46,13
-0.30492,-0.26932,46,13
0.78542,0.82789,46,13
0.83863,1.0501,46,13
0.85671,1.1751,46,13
-0.1466,-0.11559,46,13
1.5654,2.1466,46,13
0.56812,0.88277,46,13
0.97773,1.4393,46,13
1.198,1.2099,46,13
0.81944,1.1868,46,13
0.61281,0.93695,46,13
0.058803,0.12572,46,13
0.33655,0.29059,46,13
-0.11314,-0.087705,46,13
-0.11457,-0.13906,46,13
-0.1069,-0.17865,46,13
-0.14594,-0.17308,46,13
-0.23701,-0.18393,46,13
-0.026268,-0.20233,46,13
0.27527,0.27006,46,13
0.70739,0.6605,46,13
0.22817,0.015469,46,13
0.27632,0.21747,46,13
0.22936,0.36403,46,13
0.44025,0.37709,46,13
0.98999,1.091,46,13
0.24937,0.39726,46,13
-0.096073,-0.11457,46,13
0.10873,-0.066303,46,13
0.42598,0.30305,46,13
0.8679,1.0452,46,13
-0.22845,-0.19615,46,13
0.56636,-0.02073,46,13
-0.11916,0.11171,46,13
2.0952,1.7785,46,14
1.7302,1.2351,46,14
2.5741,2.4055,46,14
2.2794,2.6242,46,14
1.0993,1.1596,46,14
1.0409,1.0972,46,14
1.3944,1.5512,46,14
1.2088,1.1306,46,14
1.6431,1.6762,46,14
1.3425,1.1525,46,14
1.1636,0.90008,46,14
1.2809,1.2915,46,14
1.7851,1.6032,46,14
1.8347,1.5983,46,14
1.0265,0.75239,46,14
1.8307,1.8986,46,14
2.1676,2.277,46,14
2.2032,1.3758,46,14
2.1237,1.6374,46,14
0.96294,1.1019,46,14
1.3842,1.3274,46,14
1.3887,1.2351,46,14
1.2482,1.4498,46,14
1.8612,1.8297,46,14
1.7759,1.6204,46,14
2.3275,2.2862,46,14
2.0019,3.0276,46,14
1.3202,2.0538,46,14
1.091,0.90343,46,14
1.2634,0.78302,46,14
1.6774,1.1542,46,14
1.761,1.106,46,14
1.182,0.94603,46,14
1.2029,0.93472,46,14
2.1527,2.2578,46,14
1.202,0.68043,46,14
1.5232,0.57999,46,14
1.0737,0.5614,46,14
1.2176,0.96142,46,14
0.54944,0.35818,46,14
0.51335,0.39717,46,14
0.66143,0.3469,46,14
0.78064,0.76201,46,14
1.5146,1.3801,46,14
0.89139,0.74163,46,14
1.6984,1.5286,46,14
2.3604,2.0862,46,14
1.3725,0.84919,46,14
0.63951,0.68521,46,14
1.1017,0.56752,46,14
1.1276,0.80967,46,14
1.1654,0.93144,46,14
2.5963,2.2082,46,14
0.62003,0.32589,46,14
0.90827,0.97606,46,14
0.60973,0.40874,46,14
1.4129,0.84392,46,14
0.30469,0.11471,46,14
0.74427,0.67353,46,14
1.7821,1.705,46,14
2.349,2.4178,46,14
1.6149,1.326,46,14
1.2709,0.80839,46,14
0.48718,0.58571,46,14
0.81196,0.34227,46,14
1.7657,1.3171,46,14
2.4178,2.8672,46,14
2.5141,2.4239,46,14
0.96796,1.0987,46,14
1.0247,1.0957,46,14
1.3519,1.0831,46,14
1.1537,1.0589,46,14
1.7627,1.6032,46,14
0.97125,0.76445,46,14
0.89495,0.51388,46,14
1.0277,1.0105,46,14
1.1868,1.2644,46,14
2.1458,2.0118,46,14
1.5787,1.2965,46,14
2.3352,2.2519,46,14
2.0608,1.8656,46,14
2.0215,1.8617,46,14
1.2225,1.0168,46,14
1.242,1.2577,46,14
1.5144,1.4745,46,14
1.4082,1.0478,46,14
1.6953,1.3571,46,14
0.54075,0.29109,46,14
0.38849,0.073884,46,14
0.97938,0.51811,46,14
1.688,1.5671,46,14
1.1174,1.1767,46,14
0.65221,0.82023,46,14
0.69685,0.74081,46,14
0.47103,0.11885,46,14
0.43559,0.094399,46,14
0.77339,0.42354,46,14
-0.20879,-0.12866,46,14
0.90956,0.5139,46,14
1.2517,1.1481,46,14
0.11193,0.44281,46,14
1.6663,1.0006,46,14
0.35403,0.22714,46,14
0.55307,0.43939,46,14
1.1797,1.0569,46,14
1.2537,1.1126,46,14
1.5167,1.5213,46,14
0.33389,0.42025,49,15
0.64144,0.87644,49,15
0.42164,0.43316,49,15
0.2128,0.47038,49,15
0.64326,1.0042,49,15
0.74438,1.1943,49,15
0.99121,2.1286,49,15
1.1787,1.6936,49,15
0.71192,1.4246,49,15
0.44569,0.9406,49,15
0.14274,0.42944,49,15
0.56663,1.1598,49,15
1.1175,2.6012,49,15
0.43392,0.7413,49,15
0.41623,0.69331,49,15
-0.74841,-0.79941,49,15
1.6297,1.0345,49,15
-0.347,-0.38555,49,15
-0.27973,-0.34312,49,15
-0.11916,1.0384,49,15
0.33002,0.78999,49,15
0.86207,1.5122,49,15
1.6422,1.86,49,15
0.75154,0.86374,49,15
0.65419,1.0978,49,15
0.65186,1.3826,49,15
0.47746,1.1142,49,15
0.59108,0.99361,49,15
0.61183,1.6715,49,15
0.62441,1.5628,49,15
0.61575,1.7917,49,15
0.44601,0.76898,49,15
0.49739,0.80404,49,15
2.4877,-0.19146,49,15
1.2021,1.4858,49,15
1.8983,0.94109,49,15
1.5446,1.8723,49,15
0.68731,1.7984,49,15
0.51532,1.665,49,15
1.1166,1.5403,49,15
3.1006,1.3213,49,15
0.84884,1.1341,49,15
0.90522,1.2141,49,15
1.5904,1.2118,49,15
1.5082,1.7915,49,15
1.6214,1.3915,49,15
1.2571,1.5673,49,15
0.70261,1.0478,49,15
0.018114,0.33496,49,15
0.57772,0.84459,49,15
0.53595,0.79482,49,15
0.54999,0.51819,49,15
0.86057,0.97194,49,15
0.62685,1.1709,49,15
0.80001,1.1303,49,15
0.82269,0.88507,49,15
0.77695,1.1074,49,15
0.87723,1.5056,49,15
0.90128,1.1056,49,15
0.63299,1.1226,49,15
0.23011,0.82148,49,15
0.61805,1.2954,49,15
0.66523,1.2813,49,15
0.63516,0.9007,49,15
0.72743,0.86672,49,15
0.47616,0.75128,49,15
0.64426,0.63534,49,15
1.0413,3.1401,49,15
0.78552,1.0881,49,15
0.69364,1.2304,49,15
0.5353,1.0007,49,15
0.63134,0.93384,49,15
0.28995,0.55155,49,15
0.97267,1.1887,49,15
0.63812,1.7556,49,15
0.25298,1.7999,49,15
0.76369,1.7984,49,15
0.54023,0.63499,49,15
0.4594,0.84879,49,15
0.79102,1.0043,49,15
0.70228,1.3884,49,15
0.96385,1.2533,49,15
0.59061,0.93328,49,15
0.74046,0.32662,49,15
1.4001,2.135,49,15
1.0913,1.5418,49,15
0.8436,1.4618,49,15
1.0145,2.2501,49,15
0.82841,1.4478,49,15
0.53605,0.85352,49,15
0.35115,0.71566,49,15
0.71846,0.9908,49,15
0.61432,0.80735,49,15
0.44342,1.1114,49,15
0.54049,1.5746,49,15
0.52477,1.8192,49,15
0.49902,1.5379,49,15
0.79608,1.7,49,15
0.3948,0.89673,49,15
1.1228,1.8831,49,15
0.62096,0.78022,49,15
0.66152,1.2689,49,15
0.57706,0.72769,49,15
0.50445,0.9075,49,15
0.40626,0.80273,49,15
0.75032,1.1292,49,15
0.41301,0.93464,49,15
-0.53149,0.05557,49,15
-0.028287,0.34132,49,15
0.37629,0.83268,49,15
0.27835,0.60999,49,15
0.34049,0.5862,49,15
0.53093,0.56616,49,15
0.74737,1.1705,49,15
0.77763,1.453,49,15
0.58349,0.86344,49,15
0.96579,1.8198,49,15
0.98151,1.8093,49,15
0.42478,0.646,49,15
0.63577,1.0653,49,15
0.8016,1.6862,49,15
0.57045,1.5793,49,15
0.76202,1.2067,49,15
0.028533,0.43145,49,15
0.63621,0.88936,49,15
0.90893,2.0051,49,15
0.61089,1.2071,49,15
0.52205,1.2096,49,15
0.46652,1.2136,49,15
0.37947,1.2145,49,15
0.49573,1.1868,49,15
0.70092,1.5841,49,15
0.36447,1.0682,49,15
0.57667,0.83782,49,15
0.45066,0.72534,49,15
0.90115,0.28876,49,16
0.62964,-0.12037,49,16
0.29069,-0.49164,49,16
0.64047,-0.66654,49,16
0.99674,-0.42673,49,16
0.52195,-0.77028,49,16
2.3893,1.0913,49,16
3.492,1.01,49,16
1.9836,0.64746,49,16
1.0675,-0.16361,49,16
3.1376,1.5973,49,16
1.972,1.1534,49,16
2.3824,1.5465,49,16
0.60806,-0.087637,49,16
0.44486,-0.28785,49,16
0.46855,-0.24808,49,16
2.346,1.8567,49,16
3.518,1.4947,49,16
3.2045,2.389,49,16
2.8284,1.699,49,16
2.902,1.6949,49,16
2.7241,1.2063,49,16
1.6295,0.94069,49,16
1.6306,0.99845,49,16
1.2889,0.15742,49,16
2.2048,1.5607,49,16
2.43,0.91435,49,16
1.3557,0.14372,49,16
0.4943,0.14819,49,16
0.97688,0.40869,49,16
0.78551,0.33245,49,16
1.2439,0.53523,49,16
1.2126,0.83235,49,16
0.86066,0.45284,49,16
1.2873,1.2158,49,16
-0.1223,-0.18978,49,16
2.4856,2.1885,49,16
0.95134,0.53666,49,16
1.1958,0.35824,49,16
1.1741,0.36482,49,16
1.0641,0.76724,49,16
0.4198,-0.032503,49,16
1.2291,0.61279,49,16
1.6498,1.8574,49,16
0.72332,-0.020787,49,16
-0.078496,-0.48837,49,16
0.31666,-0.48549,49,16
0.52957,-0.42324,49,16
0.8561,-0.40856,49,16
2.5005,1.9113,49,16
2.0963,0.52956,49,16
2.3379,0.84181,49,16
3.0609,1.6626,49,16
2.1923,0.27067,49,16
1.1369,0.14103,49,16
1.956,0.77989,49,16
1.4521,0.35072,49,16
1.1587,0.23938,49,16
2.9405,0.92529,49,16
2.2828,0.41955,49,16
0.86459,0.32202,49,16
1.562,0.74732,49,16
0.65608,-0.7082,49,16
1.7398,0.34887,49,16
1.2682,0.9562,49,16
1.0557,0.55418,49,16
0.47744,0.36806,49,16
-0.72468,-1.1003,49,16
1.0728,0.88177,49,16
0.69394,0.53779,49,16
0.16993,-0.33195,49,16
1.0283,0.43599,49,16
1.8973,0.39648,49,16
1.6929,1.178,49,16
1.0092,0.41854,49,16
1.9445,1.7751,49,16
0.68866,-0.10388,49,16
2.8736,1.9133,49,16
1.8175,0.7098,49,16
1.0911,0.089147,49,16
1.736,1.1543,49,16
1.4648,0.94915,49,16
1.9,1.443,49,16
1.3609,1.2682,49,16
1.5309,0.31989,49,16
1.4358,0.75125,49,16
0.96952,0.64853,49,16
0.70218,0.20559,49,16
0.025578,-1.3821,49,16
0.60471,1.5551,49,16
0.86282,-0.29388,49,16
2.2039,1.4108,49,16
1.4189,0.60789,49,16
1.0696,0.13414,49,16
2.2813,0.98109,49,16
2.5288,1.7241,49,16
3.2977,1.3816,49,16
2.7451,1.0002,49,16
0.83149,0.29837,49,16
1.8336,0.0319,49,16
2.4962,1.1415,49,16
2.0208,0.6979,49,16
2.1104,0.71604,49,16
0.76312,-0.43377,49,16
1.3896,0.11254,49,16
2.2909,0.73951,49,16
2.0698,1.5261,49,16
2.0201,1.8047,49,16
2.4056,0.89801,49,16
2.7576,0.81149,49,16
2.6588,1.482,49,16
1.6655,0.90801,49,16
2.0299,0.63573,49,16
0.80476,0.45899,49,16
3.3351,2.432,49,16
2.5043,1.1667,49,16
1.011,0.73925,49,16
1.3004,0.33801,49,16
1.5926,1.1895,49,16
1.921,0.56153,49,16
1.1257,0.48378,49,16
1.4198,0.57113,49,16
3.1516,1.0207,49,16
2.1225,0.53729,49,16
1.5103,-0.089162,49,16
0.94289,0.56138,49,16
2.1731,0.93588,49,16
1.3159,0.76296,49,16
1.792,0.76183,49,16
0.33385,0.64528,49,16
1.0677,0.13799,49,16
0.71517,-0.0095782,49,16
1.3359,0.89325,49,16
1.0513,0.24068,49,16
1.1778,0.52495,49,16
1.5919,1.0159,49,16
0.86379,-0.25018,49,16
2.2657,1.0774,49,16
0.34186,0.071925,49,16
1.2715,0.41308,49,16
1.5415,0.55916,49,16
2.9182,1.1613,49,16
2.9166,1.4543,49,16
2.824,1.0026,49,16
2.0426,1.4936,49,16
1.8619,0.82851,49,16
2.0254,1.2825,49,16
2.5798,0.89177,49,16
0.84102,0.88013,49,16
1.6146,-0.097724,49,16
0.85099,-0.25851,49,16
2.0851,0.91635,49,16
0.84144,0.074163,49,16
2.5889,2.0762,49,16
0.44326,-0.19962,49,16
1.8515,1.0985,49,16
1.4542,0.35559,49,16
2.1696,0.74772,49,16
1.0157,-0.26075,49,16
1.2686,0.033301,49,16
2.2772,0.62518,49,16
1.8639,1.2198,49,16
2.6101,1.3518,49,16
2.8077,1.2855,49,16
1.3768,0.70066,49,16
0.58202,0.15388,49,16
1.2406,0.40462,49,16
1.5337,0.85107,49,16
0.91291,0.80518,49,16
1.1586,0.79047,49,16
2.1235,1.3121,49,16
1.0225,0.49995,49,16
1.6901,0.58405,49,16
0.87964,0.22345,49,16
1.4928,0.85409,49,16
0.92486,1.0523,49,16
1.4545,1.2559,49,16
-0.42034,-1.3159,49,16
0.68636,0.64676,49,17
0.36413,1.1553,49,17
0.49414,1.1762,49,17
0.56662,0.72482,49,17
-0.13516,0.18059,49,17
0.38858,1.0238,49,17
0.16148,0.31738,49,17
0.54841,1.3412,49,17
0.31382,0.8742,49,17
0.034918,0.72143,49,17
0.23316,0.74545,49,17
-0.16956,0.076538,49,17
0.023165,0.17391,49,17
0.21051,0.71462,49,17
0.37922,1.0421,49,17
0.40967,0.53869,49,17
0.45501,0.86649,49,17
-0.27164,0.6156,49,17
0.1342,0.58319,49,17
0.22023,0.45741,49,17
-0.57481,-0.59198,49,17
0.21197,0.67851,49,17
-0.17717,0.39123,49,17
0.38049,0.59551,49,17
-0.19519,-0.17292,49,17
0.19392,0.9114,49,17
0.5755,0.53843,49,17
0.31696,0.97275,49,17
0.64866,0.76678,49,17
0.54406,0.9168,49,17
0.48043,0.88153,49,17
-0.19178,-0.36222,49,17
0.069394,0.32141,49,17
0.12412,0.5977,49,17
0.39803,0.65005,49,17
0.25065,1.0808,49,17
0.22676,0.25749,49,17
0.27684,0.1797,49,17
0.68624,1.1392,49,17
0.28887,0.65833,49,17
0.3128,0.27067,49,17
0.70686,0.76979,49,17
0.50873,0.8557,49,17
0.74383,0.93432,49,17
0.26139,0.77411,49,17
0.18432,0.70818,49,17
0.37951,1.1141,49,17
0.20009,0.39299,49,17
0.55858,0.79655,49,17
0.59493,1.0917,49,17
0.2449,0.3376,49,17
0.47855,0.74899,49,17
0.9103,1.2484,49,17
0.65391,0.85308,49,17
0.21827,0.71216,49,17
0.4618,0.95448,49,17
0.78637,0.93842,49,17
0.75598,1.1219,49,17
0.41125,0.79442,49,17
0.3,0.55415,49,17
0.21363,0.38113,49,17
-0.0074767,-0.05372,49,17
0.26294,0.42108,49,17
0.71939,1.0796,49,17
0.089116,0.50058,49,17
0.24531,0.56162,49,17
0.12367,0.36616,49,17
0.14662,0.34872,49,17
0.51184,0.86489,49,17
0.73325,1.1299,49,17
0.23161,0.67823,49,17
0.56874,1.1727,49,17
0.56596,1.0368,49,17
0.21199,-0.29964,49,17
0.3448,0.52779,49,17
0.61153,0.88012,49,17
0.065904,0.32639,49,17
0.26979,0.75458,49,17
0.29833,0.54801,49,17
0.15905,0.77109,49,17
0.3976,0.65601,49,17
0.44192,0.24958,49,17
0.56807,0.5182,49,17
0.17623,0.5348,49,17
-0.12356,-0.18508,49,17
0.14964,0.48291,49,17
0.29785,0.68931,49,17
0.059616,0.24531,49,17
0.29062,0.73013,49,17
0.29831,0.43347,49,17
0.46599,0.91126,49,17
0.6124,0.48745,49,17
0.53585,0.61763,49,17
0.38365,1.0107,49,17
0.29892,0.64239,49,17
-0.47898,-0.67883,49,17
0.2564,0.61072,49,17
0.59545,1.0751,49,17
-0.12595,0.45387,49,17
0.34125,0.93636,49,17
-0.20131,-0.38412,49,17
-0.15561,-0.027078,49,17
0.50573,0.44526,49,17
0.12605,0.4471,49,17
0.24172,0.34836,49,17
0.24788,0.60299,49,17
0.29807,0.69949,49,17
0.27076,0.8059,49,17
0.11354,0.28215,49,17
0.0044247,0.43657,49,17
0.21228,0.5001,49,17
0.32273,0.73878,49,17
0.46558,0.77787,49,17
0.1408,0.68113,49,17
0.33626,-0.051791,49,17
0.086021,0.57822,49,17
0.46506,0.9549,49,17
0.45353,0.85184,49,17
0.3299,0.86524,49,17
0.19709,0.54433,49,17
0.42766,1.0306,49,17
0.38139,0.69745,49,17
0.46911,0.81938,49,17
0.54331,1.0019,49,17
0.18174,0.4659,49,17
-0.40347,-0.20028,49,17
0.14976,-0.022203,49,17
0.33648,0.43772,49,17
0.33163,0.67614,49,17
0.55483,0.82899,49,17
0.81788,0.8029,49,17
0.48273,0.99882,49,17
0.27625,0.68982,49,17
0.66069,0.99911,49,17
0.39266,0.53502,49,17
-0.026269,0.23681,49,17
0.061792,0.30632,49,17
-0.11482,-0.21231,49,17
0.32328,0.7631,49,17
-0.074672,0.03746,49,17
-0.19509,-0.11517,49,17
0.12305,-0.24994,49,17
-0.31061,-0.044157,49,17
-0.27034,-0.14688,49,17
0.052348,0.18787,49,17
0.23923,0.6469,49,17
-0.15623,0.25946,49,17
0.36781,0.4439,49,17
0.34519,0.33224,49,17
0.38825,1.1009,49,17
0.21925,0.57446,49,17
0.032378,0.76717,49,17
0.39461,0.78374,49,17
0.35892,0.88254,49,17
-0.045847,-0.1009,49,17
-0.061985,-0.26458,49,17
0.31515,0.79131,49,17
0.3263,0.52816,49,17
0.50064,0.67007,49,17
0.44736,0.59391,49,17
0.36481,0.57074,49,17
0.30803,0.75261,49,17
0.30775,0.61953,49,17
0.42366,0.77117,49,17
0.43888,0.68756,49,17
1.0019,0.85896,49,18
0.852,1.3315,49,18
0.40959,0.68117,49,18
0.77813,0.68551,49,18
0.47259,1.2659,49,18
0.49539,0.40882,49,18
0.72731,1.3273,49,18
1.5694,3.2364,49,18
0.32082,0.72003,49,18
0.38213,0.9694,49,18
0.86494,1.6613,49,18
0.40221,1.1486,49,18
0.57079,2.1794,49,18
0.27537,1.4626,49,18
0.46808,1.324,49,18
1.2945,2.2235,49,18
-0.0014134,0.58333,49,18
-0.65293,0.57897,49,18
-0.20239,1.0952,49,18
0.48083,0.96104,49,18
0.27191,0.30918,49,18
-0.13974,0.97907,49,18
0.086778,1.1365,49,18
0.58501,2.4984,49,18
-0.39438,0.26429,49,18
0.24772,1.2125,49,18
-0.321,0.041258,49,18
1.0998,1.4145,49,18
-0.79768,0.53127,49,18
0.3592,1.9857,49,18
0.48841,1.2477,49,18
-0.48605,1.642,49,18
-0.011023,1.3649,49,18
-0.19105,0.51299,49,18
0.19162,0.73775,49,18
0.1485,0.49959,49,18
0.13038,0.72329,49,18
-0.62511,0.33452,49,18
-0.69399,0.27708,49,18
-0.024796,0.96986,49,18
0.31906,0.94932,49,18
0.15582,1.006,49,18
-0.25067,0.89237,49,18
0.17434,0.3564,49,18
-0.60248,1.1678,49,18
-0.25743,0.34693,49,18
-0.60831,0.47643,49,18
-0.20256,1.0103,49,18
1.126,1.7563,49,18
-0.78849,-0.014107,49,18
0.3733,1.6317,49,18
1.3961,2.1302,49,18
0.25619,1.5696,49,18
-0.67786,0.081976,49,18
-0.79391,0.65364,49,18
-0.34003,0.51641,49,18
-0.056381,1.142,49,18
-0.13198,1.814,49,18
-0.43789,0.68105,49,18
-0.56341,0.50905,49,18
-0.93201,1.2236,49,18
-0.46524,1.4009,49,18
-0.20135,0.66695,49,18
0.53915,1.8089,49,18
0.0080981,1.2218,49,18
-0.56981,0.76721,49,18
-0.16398,1.5621,49,18
0.40819,1.9997,49,18
0.16789,1.1559,49,18
-0.40755,0.60174,49,18
0.79797,2.7174,49,18
0.46562,3.9364,49,18
0.51304,3.7141,49,18
-0.00067246,1.7926,49,18
0.55365,1.8008,49,18
-0.25445,1.4878,49,18
0.010494,0.27514,49,18
-0.70279,0.79725,49,18
-0.39727,0.83672,49,18
-0.062937,0.71324,49,18
1.0106,2.3107,49,18
0.5169,0.42875,49,18
0.57202,1.7761,49,18
-0.20797,1.6533,49,18
-0.43549,1.1661,49,18
0.33138,1.1288,49,18
0.25055,0.57302,49,18
-1.0481,0.90079,49,18
-1.5663,-2.0632,49,18
-0.1394,0.57199,49,18
-0.82566,0.9262,49,18
0.3026,1.4488,49,18
-0.041633,0.28244,49,18
0.026736,2.4448,49,18
0.12177,1.5213,49,18
0.07907,1.1221,49,18
0.10751,1.4924,49,18
0.062092,1.3807,49,18
-0.59149,0.7869,49,18
-1.2491,0.58589,49,18
-0.52988,1.065,49,18
-0.0041657,1.1181,49,18
0.55279,0.56934,49,19
0.54515,0.62297,49,19
1.2788,1.281,49,19
-0.39768,-0.77635,49,19
0.80982,0.62907,49,19
0.87491,1.0495,49,19
0.52935,0.70037,49,19
-0.10794,-0.11026,49,19
0.93226,0.86055,49,19
0.13013,0.27109,49,19
0.93553,0.84672,49,19
0.38825,0.43183,49,19
0.10874,0.59294,49,19
0.4997,0.38404,49,19
0.61254,0.70327,49,19
0.64178,0.84093,49,19
0.35513,0.32985,49,19
1.3809,1.3578,49,19
0.29748,0.70166,49,19
0.53758,0.57309,49,19
0.83875,0.9669,49,19
0.68323,0.7575,49,19
0.61223,0.76581,49,19
0.69967,1.1153,49,19
0.36396,0.55819,49,19
0.46886,0.57424,49,19
1.236,1.4393,49,19
0.8406,0.99851,49,19
-0.49803,-0.32803,49,19
-0.080379,-0.50349,49,19
0.47744,0.10432,49,19
0.18765,0.031797,49,19
0.44394,0.32139,49,19
0.29943,0.57393,49,19
0.23544,0.54955,49,19
0.67408,0.67929,49,19
0.71864,0.79081,49,19
0.40514,0.71957,49,19
0.15338,0.48942,49,19
1.4859,1.5748,49,19
0.61913,1.1128,49,19
-0.0036712,0.22207,49,19
0.51988,1.0798,49,19
0.98582,1.1778,49,19
0.54736,1.0675,49,19
0.97422,1.2359,49,19
0.87749,0.99056,49,19
1.5469,1.6253,49,19
-0.16295,0.1029,49,19
1.2295,1.4495,49,19
0.81323,0.93152,49,19
-0.073123,0.07382,49,19
0.30988,0.41453,49,19
0.42743,0.31286,49,19
0.8197,0.77995,49,19
0.82016,0.8224,49,19
-1.0626,-0.63312,49,19
0.016307,0.27117,49,19
-1.0303,-0.30903,49,19
0.71714,0.019493,49,19
-0.0177,-0.061585,49,19
-0.012058,-0.055873,49,19
0.074191,0.21824,49,19
0.41768,0.067802,49,19
0.79878,1.1781,49,19
0.048893,0.41438,49,19
0.48125,0.28428,49,19
0.54084,0.4951,49,19
0.11583,0.54544,49,19
0.1209,0.27081,49,19
-0.08426,0.22705,49,19
0.80791,1.1271,49,19
0.25641,0.52845,49,19
0.22469,0.35722,49,19
0.83749,1.0341,49,19
0.51481,0.2644,49,19
0.62496,0.89957,49,19
1.308,1.4154,49,19
1.0014,1.3859,49,19
0.011217,0.25635,49,19
-0.21637,-0.33356,49,19
0.52189,0.78844,49,19
0.46051,0.73466,49,19
0.24683,0.55139,49,19
-0.0106,0.2252,49,19
0.50812,0.68888,49,19
0.33647,0.41889,49,19
0.56326,0.90222,49,19
0.61216,0.85565,49,19
0.35476,0.37361,49,19
0.68876,0.89266,49,19
0.64213,0.80484,49,19
0.37858,0.65607,49,19
0.71899,0.90475,49,19
0.93245,1.0438,49,19
0.42066,0.45632,49,19
0.49678,0.61679,49,19
0.82572,1.1854,49,19
1.048,1.2595,49,19
0.4784,0.50972,49,19
0.52125,0.69043,49,19
0.036678,0.28452,49,19
0.36834,0.41269,49,19
0.49921,0.70164,49,19
0.5082,0.60712,49,19
0.67553,0.94366,49,19
0.48696,0.57464,49,19
0.60348,0.39304,49,19
0.37229,0.56421,49,19
0.20334,0.20181,49,19
0.076897,0.19941,49,19
0.001058,0.19855,49,19
-0.36819,-0.06756,49,19
0.28476,0.27105,49,19
-0.4283,-0.80191,49,20
0.56159,1.6044,49,20
-0.11013,0.93192,49,20
-0.20583,0.51026,49,20
-0.036395,0.60769,49,20
-0.093955,0.52795,49,20
0.63569,1.3053,49,20
0.30755,0.95548,49,20
0.92144,1.1874,49,20
0.54008,1.1918,49,20
0.60428,0.5528,49,20
0.058409,0.7325,49,20
-0.03663,-0.57638,49,20
-0.64416,-0.35755,49,20
0.30468,0.52797,49,20
0.10071,0.63272,49,20
0.20712,0.39844,49,20
-0.11778,0.31437,49,20
0.039926,0.57256,49,20
-0.22769,0.22743,49,20
0.20312,0.65171,49,20
0.31918,0.29479,49,20
0.67022,1.315,49,20
-0.21801,0.27323,49,20
0.052736,0.50041,49,20
0.31045,0.83402,49,20
0.2842,1.1976,49,20
0.11874,0.76833,49,20
0.19154,0.97584,49,20
0.094976,0.60245,49,20
0.3246,0.9157,49,20
0.29361,0.47814,49,20
0.11004,0.45053,49,20
0.015958,0.18419,49,20
0.16921,0.26706,49,20
-0.066016,0.10378,49,20
-0.287,-0.15729,49,20
-0.48831,-0.7344,49,20
-0.011975,0.66845,49,20
0.0211,0.014559,49,20
-0.014235,0.43632,49,20
-0.019352,0.16088,49,20
-0.16745,0.014217,49,20
-0.02604,0.37222,49,20
0.16631,0.39601,49,20
0.37885,0.84123,49,20
0.49378,0.72433,49,20
0.52926,1.1284,49,20
0.2089,0.60997,49,20
0.12824,0.4841,49,20
-0.30498,0.35197,49,20
0.16701,0.57294,49,20
0.071296,0.59746,49,20
0.21721,0.64598,49,20
-0.17347,0.61671,49,20
0.98158,1.505,49,20
-0.014304,1.2086,49,20
-0.2707,0.32968,49,20
-0.040701,0.48175,49,20
-0.048601,0.4271,49,20
-0.03849,-0.028182,49,20
-0.0019235,0.81566,49,20
-0.22376,0.51361,49,20
0.092141,0.86386,49,20
-0.21806,-0.021408,49,20
-0.088029,0.47807,49,20
0.14817,0.69786,49,20
-0.08058,0.23214,49,20
-0.016953,0.53965,49,20
0.10887,0.47319,49,20
-0.070977,0.53627,49,20
-0.68055,0.11107,49,20
0.26913,0.1677,49,20
-0.11566,0.051954,49,20
-0.34192,0.50932,49,20
-0.24552,0.20295,49,20
-0.0020748,0.49026,49,20
0.19528,0.45186,49,20
-0.047508,0.50051,49,20
0.35032,0.39211,49,20
0.056472,1.0308,49,20
-0.28945,0.033151,49,20
-0.25144,0.25698,49,20
-0.4205,-0.16171,49,20
-0.63399,-0.82657,49,20
-0.25693,0.544,49,20
-0.022288,0.23859,49,20
-0.28454,0.39488,49,20
-0.1692,0.75797,49,20
0.15047,0.67547,49,20
-0.18758,0.10213,49,20
0.15754,0.41548,49,20
-0.041956,0.57645,49,20
0.057367,0.99154,49,20
-0.1534,0.43814,49,20
0.39109,0.78598,49,20
-0.23082,0.39148,49,20
-0.09033,0.5393,49,20
0.061659,0.57126,49,20
0.13608,0.49124,49,20
-0.18614,0.16351,49,20
0.73456,1.0713,49,20
-0.10091,0.59998,49,20
-0.083773,0.49873,49,20
-0.26905,0.42071,49,20
0.3449,1.1168,49,20
-0.32837,0.65495,49,20
0.038864,0.81392,49,20
0.070025,0.6242,49,20
-0.090201,0.48329,49,20
-0.02338,0.78572,49,20
0.3656,0.60229,49,20
-0.31008,0.093383,49,20
-0.11701,0.31314,49,20
0.41318,0.9364,49,20
-0.068963,0.83589,49,20
-0.52675,-0.18523,49,20
-0.056179,0.38002,49,20
0.10698,0.6554,49,20
0.046408,0.61899,49,20
-0.071065,0.7689,49,20
-0.023578,0.90136,49,20
-0.062328,0.40127,49,20
-0.10337,0.47301,49,20
0.20218,1.2115,49,20
-0.10834,0.83103,49,20
-0.49218,0.40613,49,20
0.25841,0.52691,49,20
0.77869,0.58617,49,21
0.22561,0.30958,49,21
1.2332,0.89646,49,21
1.4917,0.9206,49,21
0.95341,0.75935,49,21
0.83698,0.62473,49,21
0.80629,0.76456,49,21
0.95717,0.7763,49,21
0.27046,0.19334,49,21
1.0535,0.65835,49,21
0.82948,0.5467,49,21
0.99794,0.72845,49,21
1.1077,0.78801,49,21
0.80164,0.61356,49,21
0.66783,0.51363,49,21
0.55867,0.47173,49,21
-0.29164,-0.89015,49,21
0.74494,0.49111,49,21
-0.28037,-0.17477,49,21
0.98309,0.86834,49,21
0.51153,0.71513,49,21
0.21308,0.15306,49,21
1.4034,1.0748,49,21
0.62101,0.5213,49,21
0.69308,0.61191,49,21
0.59608,0.2591,49,21
0.56755,0.48502,49,21
-0.11103,-0.8626,49,21
0.41904,0.51653,49,21
0.61084,0.46594,49,21
0.51933,0.36958,49,21
0.10163,-0.68428,49,21
0.56579,0.50219,49,21
0.12145,0.24825,49,21
0.32975,0.3661,49,21
0.32888,0.49576,49,21
0.10752,0.021472,49,21
1.033,0.76025,49,21
0.66076,0.36508,49,21
0.20364,0.33524,49,21
0.44154,0.22239,49,21
0.61583,0.54936,49,21
0.67998,0.59251,49,21
0.68992,0.65109,49,21
1.5006,1.0291,49,21
0.74546,0.64387,49,21
0.2422,0.13264,49,21
0.37288,0.28902,49,21
0.31414,0.26637,49,21
0.6187,0.55244,49,21
0.79693,0.68143,49,21
0.18595,0.051138,49,21
0.45846,0.46028,49,21
-0.63047,-0.64319,49,21
0.080036,-0.29903,49,21
-0.27529,-0.25665,49,21
0.95234,0.97706,49,21
0.25905,0.26865,49,21
-0.053526,-0.13512,49,21
0.36947,0.44388,49,21
1.0407,0.69539,49,21
0.67228,0.57671,49,21
0.42745,0.42286,49,21
0.38444,0.41497,49,21
0.41068,0.32663,49,21
0.6238,0.64976,49,21
0.49368,0.79393,49,21
0.48317,0.50241,49,21
0.13545,-0.46609,49,21
0.55546,0.66051,49,21
0.40491,0.1659,49,21
0.58215,0.40056,49,21
0.17837,0.22633,49,21
0.65441,0.46734,49,21
0.051626,-0.20387,49,21
0.66641,0.53287,49,21
0.12085,-0.0029602,49,21
0.42679,0.4297,49,21
0.89028,0.91472,49,21
1.0909,1.214,49,21
1.0089,0.85857,49,21
0.28111,0.092804,49,21
0.94775,0.7871,49,21
0.62563,0.69331,49,21
0.53784,1.3636,49,21
0.26175,0.58069,49,21
-0.10989,-0.22665,49,21
0.50178,0.41726,49,21
0.28838,0.32812,49,21
0.44326,0.55344,49,21
0.56476,0.59769,49,21
0.25955,0.19453,49,21
-0.0072351,0.085987,49,21
1.5398,1.1089,49,21
0.47246,0.30143,49,21
0.74756,0.75844,49,21
1.1202,1.0699,49,21
0.37027,0.39659,49,21
0.77627,0.63175,49,21
1.6029,1.2331,49,21
1.2294,1.0297,49,21
0.43714,0.59353,49,21
0.27738,-0.10505,49,21
0.82248,0.65493,49,21
0.29437,0.24044,49,21
0.36696,0.38728,49,21
0.3282,-0.32809,49,21
0.7332,0.68162,49,21
0.56709,0.48707,49,21
0.29672,0.25555,49,21
0.37359,0.37363,49,21
0.55891,0.44205,49,21
0.33759,0.22961,49,21
0.38035,0.28835,49,21
0.72257,0.52784,49,21
1.0881,0.83546,49,21
-0.42716,-0.048701,49,22
-0.2212,-0.0050926,49,22
-0.33876,-0.064019,49,22
-0.24459,-0.11005,49,22
-0.37731,-0.014103,49,22
-0.035639,0.18526,49,22
-0.14306,0.079786,49,22
-0.098416,0.18573,49,22
-0.42589,-0.066651,49,22
0.075384,0.25278,49,22
-0.32025,-0.022196,49,22
-0.31212,0.094738,49,22
-0.12957,0.22934,49,22
-0.35709,-0.023512,49,22
-0.19571,0.12764,49,22
0.25492,0.42966,49,22
0.32898,0.34276,49,22
-0.26202,0.27502,49,22
-0.069839,0.060854,49,22
-0.16079,-0.26085,49,22
-0.12717,0.016836,49,22
-0.020676,0.10765,49,22
-0.45067,0.055671,49,22
-0.11871,0.038446,49,22
-0.17589,0.084176,49,22
-0.1117,0.056966,49,22
-0.11415,0.085923,49,22
0.04775,0.044272,49,22
0.0030549,0.12661,49,22
-0.020416,0.18492,49,22
-0.26073,-0.076214,49,22
-0.043932,0.21349,49,22
0.20837,0.17229,49,22
0.21623,-0.049634,49,22
0.12817,-0.044375,49,22
-0.37785,-0.36105,49,22
-0.049085,0.068682,49,22
0.022672,0.033764,49,22
0.30068,0.35019,49,22
0.42779,0.57201,49,22
0.22261,0.51069,49,22
-0.048378,0.37483,49,22
-0.16932,-0.18659,49,22
-0.13069,0.046396,49,22
-0.24501,0.054775,49,22
-0.02153,0.34686,49,22
0.34417,0.89458,49,22
-0.056352,0.17686,49,22
-0.2353,-0.092517,49,22
0.35867,0.63382,49,22
0.51295,0.4937,49,22
0.3166,0.51423,49,22
-0.039525,0.15417,49,22
-0.0027655,-0.11163,49,22
0.51278,0.2189,49,22
0.15295,0.49295,49,22
0.05041,0.37125,49,22
0.36499,0.37662,49,22
0.92221,0.31,49,22
-0.33706,-0.31375,49,22
0.5498,0.66289,49,22
0.40371,0.41315,49,22
0.28485,0.27474,49,22
0.56923,0.38198,49,22
0.91793,0.65328,49,22
0.62528,0.63991,49,22
0.39055,0.41929,49,22
0.43231,0.57009,49,22
0.4734,0.81847,49,22
0.34594,0.4276,49,22
0.58637,0.75644,49,22
0.43587,0.46396,49,22
-0.12376,-0.048001,49,22
0.13236,0.2125,49,22
0.31516,0.31571,49,22
0.11182,0.097764,49,22
-0.15876,-0.065998,49,22
0.21312,0.29506,49,22
0.24975,0.22883,49,22
0.24266,0.32353,49,22
0.75531,0.52699,49,22
-0.15215,0.057316,49,22
-0.026705,0.046947,49,22
0.54554,0.54162,49,22
0.33678,0.60419,49,22
-0.31077,-0.029584,49,22
0.22691,0.30899,49,22
0.45067,0.45632,49,22
0.085997,0.27294,49,22
0.3638,0.51967,49,22
0.36773,0.45848,49,22
0.63053,0.64865,49,22
0.44704,0.3833,49,22
0.58407,0.58668,49,22
0.44742,0.50551,49,22
0.23392,0.30977,49,22
0.15329,0.30728,49,22
0.047971,0.19251,49,22
0.10666,0.24457,49,22
0.2695,0.46814,49,22
0.30611,0.42368,49,22
0.92739,0.78925,49,22
0.57885,0.62001,49,22
0.19735,0.34299,49,22
0.40705,0.5185,49,22
0.37281,0.2998,49,22
-0.028424,0.2011,49,22
-0.15439,0.04517,49,22
-0.015737,0.35805,49,22
-0.1704,0.087781,49,22
-0.074925,0.2046,49,22
0.011203,0.2683,49,22
0.46734,0.41784,49,22
0.22911,-0.063807,49,22
-0.13526,0.024395,49,22
0.16741,0.29235,49,22
0.32073,0.34083,49,22
0.34462,0.66128,49,22
-0.092618,0.18553,49,22
0.28776,0.49141,49,22
0.018839,0.14604,49,22
-0.11754,0.01709,49,22
-0.56978,-0.24052,49,22
-0.071746,-0.035099,49,22
-0.1432,0.0039463,49,22
0.26109,0.35643,49,22
0.35362,0.35478,49,22
0.12918,0.20018,49,22
-0.11869,0.25167,49,22
-0.35709,-0.087811,49,22
0.18138,0.23458,49,22
0.51493,0.45898,49,22
0.3002,0.35195,49,22
0.34482,0.55839,49,22
0.30013,0.37499,49,22
0.51937,0.61371,49,22
0.55679,0.58916,49,22
0.54116,0.70862,49,22
-0.063884,-0.018637,49,22
-0.018582,0.12067,49,22
0.0071454,0.29154,49,22
-0.055894,0.086167,49,22
-0.11508,0.1705,49,22
0.21069,0.21015,49,22
0.17877,0.30136,49,22
0.029833,0.2285,49,22
0.12607,0.29151,49,22
0.57611,0.60918,49,22
-0.0055434,0.15139,49,22
0.74419,0.76844,49,22
-0.090916,-0.06022,49,22
0.31598,0.40483,49,22
0.93703,0.34825,49,23
0.7098,0.34562,49,23
0.81937,0.25743,49,23
0.43339,-0.62719,49,23
1.4647,1.0437,49,23
1.3349,0.95225,49,23
1.3767,0.91013,49,23
0.69709,0.63265,49,23
1.4084,0.93769,49,23
0.45786,-0.10078,49,23
0.48145,0.073424,49,23
0.5483,0.23543,49,23
0.5725,0.1764,49,23
1.4189,0.88024,49,23
0.87594,0.12642,49,23
0.66612,0.13403,49,23
0.4602,0.026423,49,23
0.94519,0.41221,49,23
0.75253,0.090876,49,23
0.95425,0.64526,49,23
-0.1833,-0.040761,49,23
0.87507,0.51743,49,23
-0.79463,-1.3055,49,23
0.78415,-0.51407,49,23
1.9304,1.2017,49,23
1.1895,0.86215,49,23
0.64854,-0.016033,49,23
1.1052,1.3143,49,23
0.76784,0.57902,49,23
0.72953,0.72129,49,23
0.97278,0.72108,49,23
1.1932,0.4198,49,23
1.0528,0.49129,49,23
1.0761,0.67134,49,23
1.6131,0.81073,49,23
1.6202,1.1851,49,23
1.732,1.7095,49,23
1.4288,0.96383,49,23
1.8862,1.5115,49,23
1.0298,0.42525,49,23
-0.16481,-1.1702,49,23
0.12511,-0.40434,49,23
0.70755,-0.0052618,49,23
1.7834,1.597,49,23
1.7647,2.0227,49,23
1.7988,1.9616,49,23
0.89915,0.81347,49,23
0.36431,-0.39111,49,23
0.8187,1.2223,49,23
1.181,1.2722,49,23
0.80328,0.56697,49,23
1.0785,0.81672,49,23
0.5103,0.30303,49,23
0.51937,0.27268,49,23
0.044785,-1.3835,49,23
1.1612,0.72612,49,23
0.99099,0.66891,49,23
1.4457,0.86893,49,23
0.24534,0.12733,49,23
0.324,-0.63825,49,23
-0.42101,-1.053,49,23
0.57985,-0.42442,49,23
1.0694,0.53047,49,23
-0.26576,-1.5943,49,23
1.0535,0.76543,49,23
0.90699,0.27171,49,23
0.74268,0.38197,49,23
2.5519,2.577,49,23
0.75954,0.22273,49,23
0.34749,-0.36195,49,23
1.6377,0.99668,49,23
0.85524,0.15136,49,23
0.86823,0.30066,49,23
1.3834,0.71796,49,23
0.99422,0.37211,49,23
1.0924,0.5838,49,23
1.1694,0.75613,49,23
0.70913,0.13689,49,23
0.63135,0.35624,49,23
0.55903,-0.087825,49,23
0.93239,0.24419,49,23
1.9147,1.7189,49,23
1.1184,0.93411,49,23
1.1765,0.69264,49,23
1.0208,0.48482,49,23
1.6554,1.5837,49,23
-0.66346,-0.99099,49,23
0.86929,-0.11125,49,23
0.78308,0.14827,49,23
0.92442,0.29789,49,23
1.0867,0.6454,49,23
0.86203,0.18272,49,23
-0.054962,-0.18013,49,23
-0.29299,-0.89766,49,23
1.4995,1.2082,49,23
0.84967,0.24262,49,23
0.64593,0.25191,49,23
0.66041,0.13467,49,23
1.0172,0.6173,49,23
1.2044,0.82108,49,23
0.09384,-0.57029,49,23
1.3756,0.74905,49,23
0.57011,0.0068882,49,23
0.56352,-0.52432,49,23
1.2147,0.59921,49,23
0.92749,0.3569,49,23
1.0124,0.54203,49,23
0.61077,-0.22367,49,23
-0.15554,-1.1089,49,23
0.12144,-0.1433,49,23
0.043508,-0.5912,49,23
1.0063,0.91612,49,23
0.90484,0.72302,49,23
0.82339,0.60561,49,23
1.2101,0.89595,49,23
1.3387,0.84079,49,23
1.3274,0.83413,49,23
1.4115,0.88714,49,23
0.96754,-0.066735,49,23
1.4747,0.6986,49,23
0.45401,-0.054392,49,23
2.2762,2.2952,49,23
1.7184,1.1099,49,23
1.4582,0.98983,49,23
0.78433,0.37581,49,23
0.4256,0.036957,49,23
1.1127,0.33044,49,23
1.8361,1.78,49,23
0.89101,0.55669,49,23
0.88203,0.326,49,23
1.6643,2.179,49,23
1.5397,1.3891,49,23
2.4032,1.9259,49,23
1.7069,2.0563,49,23
1.736,0.85871,49,23
1.0843,0.47278,49,23
0.45872,-0.070278,49,23
0.41986,-0.20335,49,23
0.53601,0.03842,49,23
0.79818,0.55474,49,23
0.44823,0.060908,49,23
1.1921,1.3607,49,23
0.061671,0.046398,49,23
1.6917,1.6393,49,23
1.6912,0.71663,49,23
0.14083,-0.29299,49,23
0.77819,0.33349,49,23
1.0025,0.90509,49,23
0.6453,0.18492,49,23
0.80117,0.62314,49,23
1.2437,0.83526,49,23
0.75314,0.41153,49,23
0.68944,0.15968,49,23
0.95939,1.0546,49,23
1.5812,1.3777,49,23
0.78014,0.47617,49,23
0.89236,0.27104,49,23
0.26152,-0.090091,49,23
1.9024,1.2143,49,23
1.5639,0.91796,49,23
0.72345,0.18014,49,23
2.508,1.8109,49,23
1.0971,0.65686,49,23
0.29359,-0.2392,49,23
0.69335,0.20538,49,23
1.4889,1.1251,49,23
1.637,0.8604,49,23
2.0907,1.4811,49,23
2.5311,2.0889,49,23
0.64109,0.19515,49,23
0.30918,0.049617,49,24
0.24621,-0.13149,49,24
0.14792,-0.14125,49,24
0.28942,-0.013038,49,24
0.22769,0.030294,49,24
0.2752,0.011141,49,24
0.25031,-0.11497,49,24
0.1258,-0.2286,49,24
0.14596,-0.077983,49,24
0.22267,0.0027505,49,24
-0.030708,-0.38068,49,24
0.036015,-0.028799,49,24
0.3921,0.17547,49,24
-0.012906,-0.33813,49,24
0.21711,-0.077713,49,24
0.12026,-0.096303,49,24
0.26885,-0.087321,49,24
0.18295,-0.027209,49,24
0.39341,0.20834,49,24
0.088806,-0.16384,49,24
0.4233,0.38303,49,24
0.24133,0.16302,49,24
0.20431,0.15535,49,24
0.053266,-0.61335,49,24
0.143,-0.56498,49,24
0.30494,-0.081235,49,24
0.42873,0.18999,49,24
0.54555,0.22857,49,24
0.35271,0.42404,49,24
0.3063,0.098633,49,24
-1.8089,-3.1012,49,24
0.26784,0.035329,49,24
0.21648,-0.063538,49,24
0.10981,0.032532,49,24
0.36295,0.10285,49,24
0.18281,0.099484,49,24
0.34692,0.17155,49,24
0.20286,0.048629,49,24
-0.279,-0.68235,49,24
0.10298,0.028584,49,24
-0.047383,-0.24925,49,24
0.10992,-0.12899,49,24
0.30262,0.061791,49,24
0.41635,0.2007,49,24
0.29916,0.024088,49,24
0.13768,-0.32015,49,24
0.061836,-0.42006,49,24
0.18023,0.049691,49,24
0.01664,-0.21165,49,24
0.098097,-0.096909,49,24
-0.48146,-0.93301,49,24
0.38248,0.15935,49,24
0.076158,-0.2789,49,24
-0.077266,-0.42073,49,24
-0.012386,-0.34384,49,24
-0.028192,-0.4056,49,24
0.12565,-0.32927,49,24
0.14293,-0.16563,49,24
0.34424,0.1709,49,24
0.27561,0.20061,49,24
0.33686,0.19859,49,24
-0.19207,-0.67517,49,24
0.0097137,-0.48807,49,24
0.22725,0.28718,49,24
0.1315,-0.16137,49,24
0.24175,0.13749,49,24
0.34526,0.23049,49,24
0.16328,-0.0091376,49,24
-0.30387,-0.66475,49,24
0.098184,-0.17446,49,24
-0.35443,-0.5636,49,24
0.063865,-0.088347,49,24
0.32055,0.1408,49,24
0.46057,0.45608,49,24
-0.16427,-0.38939,49,24
-0.23599,-0.59569,49,24
-0.21648,-0.53914,49,24
-0.2369,-0.27792,49,24
-0.11052,-0.233,49,24
-0.036158,-0.14124,49,24
0.20584,0.10203,49,24
0.18326,6.7367e-05,49,24
0.12499,-0.046156,49,24
-0.12852,-0.67647,49,24
-0.24902,-0.73902,49,24
0.33041,0.1277,49,24
0.097528,0.064135,49,24
0.1825,-0.093268,49,24
0.26172,-0.16198,49,24
0.17993,-0.18195,49,24
-0.253,-0.69182,49,24
0.3104,-0.058393,49,24
-0.14675,-0.77992,49,24
0.043546,-0.21498,49,24
-1.0478,-1.6458,49,24
0.097126,-0.26536,49,24
0.2529,0.36223,49,24
-0.43545,-0.82423,49,24
-0.55146,-1.0051,49,24
-0.050441,-0.4971,49,24
0.24481,-0.23523,49,24
0.55742,0.66723,49,24
-0.055156,-0.25547,49,24
-0.10846,-0.31015,49,24
0.14512,-0.27094,49,24
0.26209,-0.38242,49,24
0.1117,-0.37347,49,24
0.24693,-0.0053529,49,24
0.26477,-0.05196,49,24
0.26618,-0.069163,49,24
-0.43517,-0.69036,49,24
-0.067418,-0.32054,49,24
-0.040228,-0.038583,49,24
-0.05195,-0.27836,49,24
-0.20023,-0.38728,49,24
-0.13798,-0.63365,49,24
-0.37403,-0.44036,49,24
0.063956,0.06026,49,24
0.05998,0.12721,49,24
-0.050292,-0.23264,49,24
-0.015671,-0.44466,49,24
0.16285,-0.20919,49,24
0.10418,0.55307,49,25
-1.0887,-1.843,49,25
-0.97777,-0.87289,49,25
-1.075,-1.4093,49,25
-0.29589,-0.59743,49,25
-0.47574,0.62415,49,25
0.043807,0.062179,49,25
-0.012705,-0.020171,49,25
0.13969,-0.17683,49,25
0.40517,0.64201,49,25
0.11594,-0.21587,49,25
-0.02887,-0.47646,49,25
0.030614,-0.37438,49,25
0.23188,0.01844,49,25
-0.23138,-0.42084,49,25
-0.15921,-0.20003,49,25
-0.026347,-0.016097,49,25
0.79448,0.80012,49,25
-0.017566,-0.017384,49,25
-0.179,-0.24226,49,25
-0.43816,-0.60177,49,25
-0.089751,-0.023508,49,25
-0.86336,-0.8569,49,25
-0.10975,0.073226,49,25
-0.37718,-0.69926,49,25
-0.02526,-0.40391,49,25
-0.13505,-0.084772,49,25
0.0021948,-0.37009,49,25
0.078477,0.0098267,49,25
0.06695,0.051278,49,25
-0.59241,-1.3945,49,25
0.087758,-0.0031329,49,25
0.032167,0.032883,49,25
0.13892,0.016887,49,25
0.053374,-0.59466,49,25
0.17353,-0.56014,49,25
-0.019858,-0.099728,49,25
-0.049258,-0.11555,49,25
-0.61486,-0.52898,49,25
0.22173,0.16494,49,25
-0.023531,-0.4013,49,25
-0.056691,-0.66684,49,25
-0.26886,-0.44617,49,25
-0.84884,-1.6294,49,25
-0.057825,-0.41865,49,25
-0.058509,-0.017906,49,25
-0.52035,-0.90408,49,25
0.0023101,-0.19175,49,25
-0.14242,-0.075819,49,25
-0.061226,-0.40141,49,25
-0.054845,-0.19538,49,25
-0.063532,-0.37306,49,25
-0.04811,-0.17173,49,25
0.15167,-0.16879,49,25
0.53793,0.45617,49,25
-0.19351,0.16225,49,25
0.37923,-0.057204,49,25
1.1715,0.70445,49,25
0.69786,0.45741,49,25
0.92027,0.74093,49,25
0.21564,0.0061553,49,25
-0.066358,-0.55233,49,25
-0.049735,0.1459,49,25
-0.43606,-0.33299,49,25
-0.68568,-0.52156,49,25
-0.28596,-0.072805,49,25
-0.33653,-0.12935,49,25
-0.58508,-0.56079,49,25
0.20182,0.36631,49,25
-0.15458,-0.22172,49,25
-0.39559,-0.59953,49,25
-0.265,-0.39337,49,25
0.021395,0.13284,49,25
-0.33833,-0.49221,49,25
0.030773,-0.031923,49,25
0.1252,0.14425,49,25
-0.5174,-0.80649,49,25
0.13632,0.024031,49,25
0.4814,0.58465,49,25
-0.11769,-0.19652,49,25
-0.22989,-0.072454,49,25
-0.59517,-0.56998,49,25
0.21832,0.30143,49,25
0.58925,0.76894,49,25
0.072605,0.10505,49,25
0.14529,0.064586,49,25
-0.047408,-0.037373,49,25
-0.12705,0.024729,49,25
0.1398,0.39069,49,25
0.10849,0.47216,49,25
-0.027478,0.48607,49,25
0.089956,0.54212,49,25
-0.17469,0.041968,49,25
0.054075,0.074104,49,25
-0.10193,-0.14164,49,25
0.014785,0.082998,49,25
-0.1723,-0.013827,49,25
0.30101,0.28156,49,25
0.66211,0.51531,49,25
0.24534,0.27061,49,25
0.31314,0.14949,49,25
0.27557,0.55678,49,25
-0.059107,0.079525,49,25
-0.042862,-0.14807,49,25
0.94271,0.49353,49,26
0.64223,1.1439,49,26
1.1767,1.017,49,26
0.86132,1.8045,49,26
1.229,0.95813,49,26
0.87754,0.4349,49,26
1.3266,0.92836,49,26
1.3602,0.93465,49,26
0.62179,0.38012,49,26
1.3236,1.4661,49,26
1.595,1.4572,49,26
1.3256,1.307,49,26
1.0929,0.76759,49,26
1.0554,0.75588,49,26
0.83147,0.62697,49,26
0.59312,0.26183,49,26
1.238,0.86218,49,26
0.75335,0.68909,49,26
1.0203,0.63287,49,26
1.2263,0.85396,49,26
1.1996,1.1382,49,26
1.1008,0.72411,49,26
2.0158,1.8657,49,26
1.8288,1.6921,49,26
1.0435,0.88927,49,26
1.8201,1.0922,49,26
1.2209,1.1767,49,26
0.51712,0.13523,49,26
1.3578,1.0574,49,26
0.74739,0.51795,49,26
1.0755,0.85624,49,26
1.1786,1.0483,49,26
0.69831,0.071125,49,26
1.2935,1.0962,49,26
1.2997,1.2069,49,26
1.1756,0.8424,49,26
1.0229,0.71296,49,26
1.5909,1.492,49,26
1.5582,1.3285,49,26
1.4268,1.2097,49,26
0.78983,0.43943,49,26
1.3314,1.0635,49,26
1.3234,1.0341,49,26
1.6414,1.6625,49,26
1.47,1.0749,49,26
1.6523,1.7358,49,26
1.4246,0.8198,49,26
1.5206,1.0197,49,26
1.21,0.9422,49,26
1.4577,1.0873,49,26
0.93954,0.57689,49,26
0.49194,0.12526,49,26
1.7457,0.96299,49,26
1.2611,0.95451,49,26
0.87367,0.51648,49,26
1.5512,1.3211,49,26
1.56,1.0697,49,26
0.22757,-0.27822,49,26
1.5251,1.3712,49,26
0.98955,1.0066,49,26
0.64981,0.40426,49,26
1.1683,0.71233,49,26
1.4978,1.4398,49,26
1.4805,1.4281,49,26
1.0058,0.47291,49,26
1.2521,0.95219,49,26
1.1394,0.67641,49,26
1.2878,0.60567,49,26
1.5666,1.2072,49,26
1.2432,1.0142,49,26
0.95519,0.49228,49,26
0.13731,0.43076,49,26
0.14158,0.2043,49,26
1.1846,0.84145,49,26
1.6778,1.469,49,26
2.1688,2.0306,49,26
2.2342,0.64895,49,26
-0.3998,-0.66874,49,26
1.406,0.81012,49,26
1.2956,0.84175,49,26
0.96767,0.58279,49,26
1.5452,1.6049,49,26
1.117,0.67815,49,26
-0.14213,-0.1652,49,26
1.1274,0.63215,49,26
1.1314,0.75665,49,26
0.56256,0.25777,49,26
0.95914,0.31882,49,26
0.56986,0.31927,49,26
1.1126,0.4799,49,26
0.90326,0.50607,49,26
0.82275,0.35269,49,26
0.91758,0.80032,49,26
0.89736,0.6665,49,26
0.70337,0.63381,49,26
0.51178,0.11587,49,26
0.85031,0.32119,49,26
1.1683,1.0658,49,26
1.2085,0.67979,49,26
0.6342,-0.008754,49,26
0.51353,-0.2511,49,26
1.0381,0.47211,49,26
1.0379,0.49036,49,26
0.9455,0.68065,49,26
1.104,0.95843,49,26
0.95777,0.40415,49,26
1.2354,0.59217,49,26
1.3194,0.93231,49,26
1.0884,0.6906,49,26
1.0049,0.24623,49,26
1.1331,0.31933,49,26
1.291,0.84853,49,26
1.3343,0.88161,49,26
1.1313,0.74661,49,26
0.92953,0.49554,49,26
0.49761,0.17934,49,26
1.031,0.56212,49,26
0.78391,0.63225,49,26
1.1645,1.0403,49,26
1.5689,1.2146,49,26
0.6998,0.52144,49,26
0.50858,0.34446,49,26
0.8483,0.63445,49,26
0.48137,0.20496,49,26
0.83649,0.46799,49,26
0.98019,0.6902,49,26
1.0683,0.74827,49,26
1.1513,0.90446,49,26
1.1053,0.92122,49,26
0.76705,0.38102,49,26
1.1573,1.2317,49,26
0.99655,0.80457,49,26
1.025,0.75485,49,26
1.2279,1.0675,49,26
1.1599,0.79684,49,26
1.3921,1.6516,49,26
1.5812,1.5693,49,26
0.51711,0.31426,49,26
0.71719,0.5521,49,26
0.84624,0.6341,49,26
0.70008,0.46248,49,26
0.53402,0.33541,49,26
1.4078,1.0275,49,26
0.99858,0.21924,49,26
0.24486,0.093856,49,26
0.92955,0.59777,49,26
1.2085,1.0706,49,26
1.2294,1.0577,49,26
1.3621,0.99596,49,26
1.3199,0.71943,49,26
1.006,0.95395,49,26
0.43759,0.035224,49,26
0.9355,0.74605,49,26
0.96712,0.89409,49,26
0.98991,0.54107,49,26
0.94318,0.98361,49,26
0.94215,0.36039,49,26
0.81432,0.48612,49,26
1.2309,0.75618,49,26
1.2953,1.1569,49,26
0.69435,0.4459,49,27
0.62554,0.19987,49,27
0.32055,0.21263,49,27
0.66734,0.591,49,27
0.58156,0.3321,49,27
0.58064,0.50497,49,27
0.75517,0.67481,49,27
0.94662,0.94888,49,27
0.84786,0.94513,49,27
0.92352,0.67991,49,27
0.94199,1.1827,49,27
2.3342,1.9316,49,27
1.5152,1.6563,49,27
0.80964,1.1564,49,27
0.57688,0.75466,49,27
1.1214,1.0927,49,27
0.84142,1.1166,49,27
1.1857,1.9805,49,27
0.65605,0.70709,49,27
0.68443,0.64476,49,27
0.7304,0.5105,49,27
1.1429,1.3136,49,27
1.2607,0.86837,49,27
0.21825,0.18183,49,27
0.21898,0.1788,49,27
0.33146,0.50695,49,27
0.81656,0.7923,49,27
0.80688,0.99889,49,27
0.36273,0.68945,49,27
1.0214,0.88385,49,27
0.52534,0.70787,49,27
0.80918,0.68202,49,27
1.0271,0.92363,49,27
1.2013,2.028,49,27
0.79269,0.87579,49,27
1.2402,0.94982,49,27
0.60821,0.68801,49,27
1.1277,1.3449,49,27
0.58903,0.53226,49,27
0.60307,0.71162,49,27
0.50748,0.83493,49,27
1.2485,1.2139,49,27
1.077,1.1384,49,27
0.96944,1.1978,49,27
1.2374,1.8918,49,27
1.5972,1.5865,49,27
1.1143,1.2731,49,27
1.6482,1.4429,49,27
2.1145,2.7502,49,27
1.2011,1.7906,49,27
0.89202,0.94073,49,27
1.1328,1.5639,49,27
1.6158,2.7023,49,27
0.78358,1.2214,49,27
1.6602,1.48,49,27
1.4266,2.4474,49,27
0.97115,1.7814,49,27
1.0923,1.4953,49,27
1.2363,1.6615,49,27
1.5979,1.7838,49,27
1.632,1.5069,49,27
0.90084,0.69837,49,27
1.229,1.9511,49,27
0.82205,1.1629,49,27
1.338,1.2957,49,27
0.96947,1.441,49,27
1.2555,0.77129,49,27
0.7099,1.4705,49,27
1.1566,1.8089,49,27
0.93867,1.2723,49,27
0.81401,0.57523,49,27
0.95873,0.76105,49,27
1.5994,1.4406,49,27
1.2477,0.81081,49,27
1.4972,1.6566,49,27
1.5518,1.9442,49,27
0.75731,0.5508,49,27
0.92838,0.79644,49,27
1.1313,1.4405,49,27
0.92163,0.6828,49,27
2.09,2.3198,49,27
0.7188,0.83915,49,27
0.83025,0.55553,49,27
1.0846,0.64891,49,27
1.3111,1.0107,49,27
0.97294,0.87643,49,27
0.82605,0.79504,49,27
1.0838,0.93424,49,27
1.0188,0.84177,49,27
1.0274,0.78424,49,27
1.2374,1.472,49,27
0.81392,1.2303,49,27
1.1046,1.4502,49,27
0.50583,0.11764,49,27
0.81908,0.46284,49,27
0.65048,0.55367,49,27
1.4275,1.2537,49,27
0.88152,0.74161,49,27
1.0199,0.72018,49,27
0.78791,0.66186,49,27
1.5029,1.9357,49,27
1.4041,2.0711,49,27
1.1624,1.3664,49,27
0.58865,0.52427,49,27
0.95845,1.6619,49,27
1.2079,1.8683,49,27
0.76351,1.1059,49,27
1.1405,1.7868,49,27
1.0246,0.86617,49,27
1.1225,1.4243,49,27
1.3375,0.94184,49,27
1.3026,1.6536,49,27
0.25,0.89419,49,27
0.68557,0.64834,49,27
0.81959,0.74479,49,27
1.0668,1.0605,49,27
0.95615,0.97844,49,27
1.036,0.81378,49,27
1.5755,2.3503,49,27
1.0162,1.0395,49,27
0.5502,0.13828,49,27
0.57104,0.14078,49,27
0.34613,0.3294,49,27
2.0063,2.3001,49,27
1.7117,2.1938,49,27
0.92124,1.0478,49,27
0.32108,0.50632,49,27
1.4393,0.95679,49,27
0.97153,0.777,49,27
1.5726,2.1289,49,27
1.7591,1.9681,49,27
1.2379,1.0258,49,27
0.71309,1.0687,49,27
1.0854,0.85036,49,27
0.57131,0.52591,49,27
0.75248,0.95467,49,27
0.16704,0.35102,49,27
0.27629,-0.069227,49,27
0.82902,1.3208,49,27
1.4339,1.5906,49,27
1.1292,1.1159,49,27
0.98206,1.4176,49,27
0.80897,0.63945,49,27
0.67221,0.6796,49,27
1.4189,0.82643,49,27
1.3878,1.1101,49,27
0.64035,0.51003,49,27
0.71103,0.76159,49,27
1.0059,0.99406,49,27
0.96862,1.0667,49,27
0.72519,1.0774,49,27
0.42486,0.79964,49,27
0.22975,0.16329,49,27
0.59779,0.57085,49,27
0.96117,0.66815,49,27
0.67012,0.6163,49,27
0.69814,0.59851,49,27
1.1068,1.0792,49,27
0.86282,0.91223,49,27
0.88807,0.384,49,27
1.2122,1.1541,49,27
1.4396,0.81108,49,27
1.392,1.6595,49,27
1.286,1.138,49,27
0.82608,0.54879,49,27
0.86273,0.73492,49,27
0.69449,0.56447,49,27
0.82179,0.73252,49,27
0.93921,0.80297,49,27
1.0473,0.86079,49,27
1.0353,0.93952,49,27
0.96819,1.1093,49,27
1.5585,1.6419,49,27
0.47849,0.41117,49,27
1.1151,0.94294,49,27
0.86812,0.62099,49,27
0.67011,0.026388,49,27
1.1244,1.8898,49,27
0.805,0.70756,49,27
1.4982,1.8054,49,27
0.74569,0.7843,49,27
1.1297,1.1326,49,27
0.82514,0.77776,49,27
0.73372,0.82804,49,27
0.7954,0.35507,49,27
0.56061,0.2783,49,27
0.48012,0.80092,49,27
1.1036,1.3828,49,27
1.2986,1.489,49,27
1.4026,0.99297,49,27
0.55342,0.30619,49,27
0.38489,0.63447,49,27
0.59565,0.8203,49,27
1.2752,1.2775,49,27
0.69434,0.59117,49,27
0.70901,0.73463,49,27
1.6667,1.1943,49,27
0.96375,0.84734,49,27
0.86479,0.45373,49,27
1.0038,0.93757,49,27
0.52765,0.14328,49,27
0.97874,1.1425,49,27
0.98901,1.1514,49,27
1.0658,1.7512,49,27
0.88021,0.4412,49,27
0.68187,0.55132,49,27
0.96171,0.59945,49,27
1.4435,1.8743,49,27
1.0948,1.1536,49,27
1.2108,1.693,49,27
0.85344,1.0956,49,27
1.3671,1.1079,49,27
1.3106,0.94222,49,27
0.73269,0.63802,49,27
0.81688,0.74797,49,27
0.92335,0.83288,49,27
0.82363,1.4331,49,27
0.88819,0.91037,49,27
0.83504,0.51744,49,27
1.1908,1.0061,49,27
0.66864,0.55718,49,27
1.0642,0.8449,49,27
0.86794,1.1414,49,27
1.756,1.8524,49,27
1.2378,1.5583,49,27
1.0704,0.70842,49,27
0.67915,0.5369,49,27
1.6179,1.3731,49,27
1.286,1.3084,49,27
0.24693,0.81306,49,28
0.23627,0.57038,49,28
0.2852,1.074,49,28
0.084737,0.55205,49,28
-0.098593,1.1578,49,28
0.088607,0.88568,49,28
-0.10189,0.75906,49,28
-0.077494,1.2522,49,28
-0.23956,0.55669,49,28
0.018775,0.80547,49,28
-0.35736,0.93892,49,28
-0.082785,0.84725,49,28
-0.20239,0.58466,49,28
0.013681,0.71322,49,28
0.32162,1.103,49,28
0.16267,0.95879,49,28
-0.24179,0.70065,49,28
-0.18774,0.97424,49,28
0.0083372,0.51508,49,28
-0.15713,0.82539,49,28
0.10589,0.41491,49,28
-0.30764,0.72136,49,28
0.064404,0.49306,49,28
0.39165,0.65954,49,28
0.042659,0.4219,49,28
0.30904,0.76873,49,28
0.21353,0.87661,49,28
-0.28031,0.7708,49,28
0.23389,0.98464,49,28
0.044497,0.75504,49,28
-0.21436,0.92577,49,28
-0.18696,0.45039,49,28
0.048966,0.66229,49,28
-0.030291,0.3874,49,28
-0.14013,0.57954,49,28
-0.12872,0.54889,49,28
0.42462,1.1188,49,28
-0.19457,0.75492,49,28
-0.21874,0.49143,49,28
-0.27481,1.2831,49,28
-0.077429,0.83925,49,28
0.085648,1.0862,49,28
0.036404,0.58577,49,28
-0.53248,1.0343,49,28
-1.1628,0.20407,49,28
0.19962,0.61873,49,28
0.043713,0.53208,49,28
0.40118,0.78067,49,28
-0.033968,0.74017,49,28
0.19877,0.61828,49,28
0.01925,0.21622,49,28
0.12786,0.077364,49,28
0.71017,0.86047,49,28
0.24773,1.2435,49,28
-0.5433,0.8938,49,28
-0.44934,0.52511,49,28
-0.34567,0.35341,49,28
-0.62773,0.16438,49,28
0.056549,0.29449,49,28
0.091961,0.27081,49,28
-0.053449,0.27952,49,28
0.035354,0.2424,49,28
-0.043836,0.35743,49,28
0.059916,0.048875,49,28
-0.74096,-0.011941,49,28
0.14192,0.38893,49,28
0.26271,0.24319,49,28
-0.033298,-0.17709,49,28
0.17254,0.49738,49,28
0.85481,0.74512,49,28
0.18898,0.56986,49,28
0.40688,0.54639,49,28
-0.27216,0.16695,49,28
0.031382,0.59128,49,28
0.49482,0.22018,49,28
0.44754,0.80371,49,28
-0.011255,0.7913,49,28
-0.034673,-0.029687,49,28
-0.53589,0.22702,49,28
0.43683,0.55676,49,28
0.16423,0.23807,49,28
-0.17583,0.64144,49,28
-0.16677,0.65252,49,28
0.1013,-0.089115,49,28
0.30909,0.34304,49,28
0.016048,0.22379,49,28
-0.3538,0.11272,49,28
-0.087247,0.66198,49,28
-0.3213,0.29982,49,28
-0.52091,0.83001,49,28
-0.27524,0.58227,49,28
-0.081467,0.88005,49,28
0.099782,-0.057834,49,28
0.26704,1.1314,49,28
-0.12335,0.45569,49,28
-0.14864,0.61634,49,28
-0.16185,0.71997,49,28
-0.15528,0.70989,49,28
-0.4603,0.5776,49,28
-0.29665,0.56569,49,28
-0.4548,0.60519,49,28
0.14721,1.3168,49,28
-0.060331,0.36217,49,28
0.16418,0.8307,49,28
0.30468,0.24094,49,28
-0.17565,0.32833,49,28
-0.15231,0.40645,49,28
0.1734,0.30233,49,28
0.13023,0.22206,49,28
-0.025666,0.080428,49,28
0.034815,0.42248,49,28
0.84407,1.8929,49,28
-0.1595,0.014963,49,28
0.045628,0.59901,49,28
-0.35296,0.51851,49,28
0.54025,0.75857,49,28
0.46903,0.87664,49,28
-0.25052,0.2936,49,28
-0.13159,0.67596,49,28
0.16836,0.49905,49,28
-0.37936,0.38725,49,28
0.10206,0.6139,49,28
0.25255,0.73675,49,28
0.4048,0.83948,49,28
0.13562,0.31773,49,28
0.21194,0.36905,49,28
0.14312,0.73803,49,28
0.25105,0.29474,49,28
-0.016839,1.157,49,28
-0.21335,0.54526,49,28
0.16845,0.38353,49,28
0.34498,0.58486,49,28
0.017393,0.33167,49,28
-0.24422,0.57109,49,28
-0.62373,0.23956,49,28
-0.34221,0.3839,49,28
0.028648,0.78149,49,28
0.077676,0.34672,49,28
0.23392,0.78936,49,28
0.39295,0.6099,49,28
0.43689,0.70747,49,28
0.45429,0.71688,49,28
-0.47303,0.41565,49,28
-0.35882,0.10828,49,28
-0.68401,0.18222,49,28
-0.46782,0.18457,49,28
-0.19194,0.14048,49,28
-0.20151,0.21934,49,28
-0.0081128,0.40026,49,28
-0.28646,0.44373,49,28
0.11789,0.38959,49,28
-0.3655,0.35106,49,28
0.4053,1.0383,49,28
0.18324,0.60169,49,28
-0.29491,0.95275,49,28
0.1633,0.78977,49,28
0.20763,1.0981,49,28
0.0079393,0.70432,49,28
0.25208,0.85315,49,28
-0.13303,0.85154,49,28
0.1763,1.1473,49,28
0.35299,0.74301,49,28
-0.0069386,1.0779,49,28
-0.24326,1.1494,49,28
0.14082,0.69664,49,28
-0.17245,0.94531,49,28
-0.1908,0.52822,49,28
-0.031908,0.48827,49,28
-0.23589,0.19722,49,28
-0.29545,0.50331,49,28
-0.23522,0.61286,49,28
-0.19299,0.74284,49,28
-0.24007,0.6731,49,28
-0.014298,0.84197,49,28
-0.82247,0.47027,49,28
-0.0048694,0.33918,49,28
-0.37663,0.63179,49,28
0.034647,0.62685,49,28
-0.38492,0.29655,49,28
-0.34579,0.70333,49,28
0.31399,0.68677,49,28
-0.20579,0.49764,49,28
-0.096916,0.48026,49,28
0.25078,0.50025,49,28
-0.33635,0.024931,49,28
-0.39433,0.81747,49,28
0.29194,0.73001,49,28
0.28475,0.58687,49,28
0.40233,0.30575,49,28
0.10162,0.81516,49,28
0.066881,0.89752,49,28
-0.054645,1.1145,49,28
-0.38415,-0.20313,49,28
-0.14036,0.66022,49,28
-0.53779,-0.059096,49,28
-0.77471,0.48885,49,28
0.098408,0.76547,49,28
0.056914,0.6089,49,28
-0.33388,0.23326,49,28
0.034641,0.99028,49,28
-0.23758,0.26011,49,28
-0.22797,0.005257,49,28
0.16318,0.016415,49,28
0.2127,0.50238,49,28
-0.44994,0.42773,49,28
0.21983,0.3972,49,28
0.49791,1.0466,49,28
-0.15071,0.40278,49,28
0.12153,0.53026,49,28
-0.24519,0.16073,49,28
-0.34426,0.50004,49,28
0.073668,0.94055,49,28
-0.13693,0.26819,49,28
0.13712,-0.041238,49,28
-0.11742,-0.39234,49,28
0.64838,0.41715,49,28
-0.12683,0.20606,49,28
0.64194,0.56577,49,28
0.3836,0.066363,49,28
0.42569,-0.012426,49,28
0.28605,0.46776,49,28
0.025109,0.077507,49,29
0.092903,0.21224,49,29
0.16175,0.088467,49,29
0.30464,0.082941,49,29
0.33389,0.21112,49,29
0.10479,0.11583,49,29
0.22479,-0.076219,49,29
0.19085,0.06318,49,29
0.16088,0.13323,49,29
0.45404,0.52306,49,29
0.3346,0.3151,49,29
0.29314,0.14915,49,29
0.18443,0.061609,49,29
0.33816,0.10366,49,29
0.30136,0.085049,49,29
0.75927,0.65759,49,29
0.44956,0.4855,49,29
0.2334,0.22632,49,29
0.62125,0.33813,49,29
0.31927,0.21973,49,29
0.33829,0.1541,49,29
0.3594,0.50834,49,29
0.50284,0.49223,49,29
0.40605,0.31878,49,29
0.55444,0.5512,49,29
0.69885,0.68735,49,29
0.70946,0.70803,49,29
0.70826,0.48194,49,29
0.16189,0.13422,49,29
0.4066,0.31704,49,29
0.38689,0.42306,49,29
0.68958,0.68635,49,29
0.4238,0.47696,49,29
0.46697,0.45697,49,29
0.32146,0.10024,49,29
0.53988,0.45026,49,29
0.44696,0.30041,49,29
0.37045,0.4066,49,29
0.25415,0.31719,49,29
0.26905,0.46602,49,29
0.41385,0.3144,49,29
0.52888,0.6367,49,29
0.46008,0.28164,49,29
0.34839,0.2565,49,29
0.16117,0.28589,49,29
0.42888,0.3227,49,29
0.31911,0.19966,49,29
-0.004506,-0.017535,49,29
0.040441,-0.089804,49,29
0.07553,0.10251,49,29
0.28436,0.12337,49,29
-0.04748,-0.11727,49,29
-0.022286,-0.15351,49,29
0.054731,-0.04655,49,29
0.21919,0.3046,49,29
0.057547,0.063595,49,29
-0.022266,-0.042082,49,29
0.019323,0.10335,49,29
0.15487,-0.096726,49,29
0.035036,-0.035357,49,29
0.27432,0.42098,49,29
0.15542,0.0059895,49,29
0.24636,0.23357,49,29
0.1308,-0.068652,49,29
0.10499,-0.016948,49,29
0.70844,0.76978,49,29
0.34945,0.28497,49,29
0.44054,0.4881,49,29
0.40761,0.32504,49,29
0.31991,0.35923,49,29
0.37301,0.39461,49,29
-0.028633,-0.03273,49,29
0.20701,0.015558,49,29
0.32005,0.30883,49,29
0.67359,0.50882,49,29
0.65557,0.53548,49,29
0.39909,0.36376,49,29
0.21707,0.22806,49,29
0.23345,0.12907,49,29
0.24603,0.11212,49,29
0.25082,0.26517,49,29
0.34674,0.31436,49,29
0.28972,0.10631,49,29
0.1817,0.26802,49,29
0.47606,0.37985,49,29
0.14687,0.25676,49,29
0.42345,0.39626,49,29
0.71302,0.69475,49,29
0.44751,0.52492,49,30
1.6644,1.5011,49,30
0.72905,2.1317,49,30
-2.9379,-7.3299,49,30
-0.74779,-0.74554,49,30
-0.15753,0.80894,49,30
0.49037,0.85163,49,30
0.73026,1.6718,49,30
0.026579,0.66118,49,30
0.38781,4.7623,49,30
-0.30655,0.43537,49,30
1.2526,3.2711,49,30
0.55992,1.2473,49,30
1.1388,2.5987,49,30
0.56636,1.5449,49,30
1.2656,6.9084,49,30
0.27102,0.59422,49,30
0.15313,-0.76024,49,30
0.07119,-0.1444,49,30
-2.2409,-2.2984,49,30
0.225,0.5702,49,30
-0.25856,-1.2442,49,30
-1.1951,-2.6445,49,30
-1.1666,-1.6559,49,30
0.072354,-0.7443,49,30
0.93204,1.777,49,30
0.69831,1.6051,49,30
1.0844,0.98234,49,30
-0.12559,-0.83327,49,30
-0.51374,-1.2567,49,30
-0.2921,0.1482,49,30
0.31682,0.10063,49,30
0.80488,0.6421,49,30
-0.51604,-1.0408,49,30
0.22404,0.25517,49,30
0.32128,-0.39225,49,30
-0.79062,-1.0469,49,30
-0.099396,-0.82915,49,30
-0.51119,-0.020465,49,30
-0.48665,-0.92101,49,30
0.6171,1.7767,49,30
0.032716,-0.16235,49,30
-0.19943,0.46249,49,30
0.36154,-0.075811,49,30
0.29799,-0.46981,49,30
0.84229,0.59746,49,30
1.0076,0.9427,49,30
0.40503,0.7263,49,30
0.94804,1.8848,49,30
1.766,2.7048,49,30
1.2303,1.9313,49,30
0.49495,2.0872,49,30
0.70702,0.27055,49,30
0.25397,0.0090273,49,30
0.79725,2.1031,49,30
0.85211,1.4752,49,30
0.25107,-0.47048,49,30
-0.51047,-1.0155,49,30
0.055112,0.28517,49,30
0.39568,0.083995,49,30
0.67408,-0.58139,49,30
0.7859,0.24714,49,30
0.50421,-0.29109,49,30
0.012395,-0.41726,49,30
0.49412,-0.19769,49,30
-0.67685,-0.48447,49,30
0.14979,0.20458,49,30
0.56968,0.85931,49,30
1.2089,0.96141,49,30
0.47837,1.0463,49,30
0.032251,-0.70201,49,30
0.54178,0.88576,49,30
0.84652,1.5039,49,30
1.0611,1.6003,49,30
0.57051,-0.11018,49,30
-0.056271,-0.64544,49,30
0.75761,1.1728,49,30
1.2229,1.4747,49,30
0.86726,0.75349,49,30
2.0033,3.3959,49,30
0.56008,0.042755,49,30
3.0039,2.9159,49,30
-1.2792,-0.14207,49,30
0.44475,-0.39055,49,30
1.1684,1.0824,49,30
0.43842,0.61399,49,30
0.13992,0.74674,49,30
0.55264,0.022238,49,30
-0.14822,0.014123,49,30
0.44721,0.4149,49,30
0.12452,0.54911,49,30
0.21135,0.21302,49,30
2.15,2.9152,49,30
0.27341,0.056244,49,30
0.84279,0.43221,49,30
0.70641,0.63137,49,30
-0.42143,0.20029,49,30
0.95724,0.37961,49,30
0.2705,1.6522,49,30
0.39047,-0.51669,49,30
-0.24549,-0.45639,49,30
-0.52963,-0.58543,49,30
1.0273,0.36276,49,30
-0.65146,-0.47166,49,30
-0.10367,-0.51144,49,30
-0.70636,0.049392,49,30
-0.21478,-0.33469,49,30
-0.5984,-0.40295,49,30
-0.56913,0.36744,49,30
